FID,ACCIDENT_N,ACCIDENTDA,ACCIDENTTI,ACCIDENT_T,Accident_T_1,DAY_OF_WEE,Day_Week_D,DCA_CODE,DCA_Descri,DIRECTORY,EDITION,PAGE,GRID_REFER,GRID_REF_1,LIGHT_COND,Light_Cond_1,NODE_ID,NO_OF_VEHI,NO_PERSONS,NO_PERSO_1,NO_PERSO_2,NO_PERSO_3,NO_PERSO_4,POLICE_ATT,ROAD_GEOME,Road_Geome_1,SEVERITY,SPEED_ZONE,Lat,Long
200,T20130000582,4/01/2013,17.00.00,1,Collision with vehicle,6,Friday,130,REAR END(VEHICLES IN SAME LANE),MEL,40,2G,F,1,1,Day,267861,3,3,0,1,0,2,2,5,Not at intersection,3,60,-37.80939,144.988980000000000
201,T20130000584,10/01/2013,06.42.00,1,Collision with vehicle,5,Thursday,121,RIGHT THROUGH,MEL,40,77,J,8,3,Dark Street lights on,42243,2,3,0,1,0,2,1,2,T intersection,3,60,-37.94725,145.059100000000000
202,T20130000588,10/01/2013,07.00.00,4,Collision with a fixed object,5,Thursday,183,OFF LEFT BEND INTO OBJECT/PARKED VEHICLE,MEL,40,307,D,9,1,Day,267862,1,1,1,0,0,0,1,5,Not at intersection,2,80,-37.86039,145.478530000000010
203,T20130000591,10/01/2013,08.25.00,1,Collision with vehicle,5,Thursday,137,LEFT TURN SIDESWIPE,MEL,40,2L,H,12,1,Day,37705,2,3,0,1,0,2,1,1,Cross intersection,3,50,-37.85185,144.993370000000000
204,T20130000594,10/01/2013,08.00.00,4,Collision with a fixed object,5,Thursday,173,RIGHT OFF CARRIAGEWAY INTO OBJECT/PARKED VEHICLE,MEL,40,208,B,8,1,Day,267863,1,2,1,1,0,0,1,5,Not at intersection,2,50,-37.90038,144.761400000000010
205,T20130000597,10/01/2013,09.42.00,1,Collision with vehicle,5,Thursday,121,RIGHT THROUGH,MEL,40,77,B,4,1,Day,42125,2,6,0,2,0,4,1,1,Cross intersection,3,60,-37.93193,145.025720000000010
206,T20130000600,8/01/2013,18.14.00,1,Collision with vehicle,3,Tuesday,131,LEFT REAR,MEL,40,93,H,1,1,Day,257252,2,2,0,1,0,1,2,5,Not at intersection,3,80,-38.00958,145.140999999999990
207,T20130000605,10/01/2013,10.00.00,4,Collision with a fixed object,5,Thursday,171,LEFT OFF CARRIAGEWAY INTO OBJECT/PARKED VEHICLE,MEL,40,89,D,2,1,Day,42913,1,1,0,1,0,0,1,1,Cross intersection,3,60,-37.96796,145.167820000000010
208,T20130000608,9/01/2013,13.00.00,8,No collision and no object struck,4,Wednesday,184,OUT OF CONTROL ON CARRIAGEWAY (ON BEND),VCS,9,429,E,2,1,Day,267864,1,1,1,0,0,0,2,5,Not at intersection,2,999,-37.48099,145.464180000000000
209,T20130000611,10/01/2013,11.56.00,1,Collision with vehicle,5,Thursday,136,RIGHT TURN SIDESWIPE,MEL,40,271,F,8,1,Day,267865,3,3,0,1,0,2,1,5,Not at intersection,3,80,-37.68201,145.220310000000010
210,T20130000612,7/01/2013,10.20.00,1,Collision with vehicle,2,Monday,130,REAR END(VEHICLES IN SAME LANE),MEL,40,14,D,9,1,Day,519,2,2,0,1,0,1,2,1,Cross intersection,3,80,-37.72966,144.815280000000000
211,T20130000613,9/01/2013,07.15.00,1,Collision with vehicle,4,Wednesday,130,REAR END(VEHICLES IN SAME LANE),MEL,40,81,D,3,1,Day,227541,3,3,0,1,0,2,2,4,Multiple intersection,3,80,-37.92564,145.214149999999990
212,T20130000614,10/01/2013,10.50.00,1,Collision with vehicle,5,Thursday,120,HEAD ON (NOT OVERTAKING),VCS,9,429,B,5,1,Day,267866,3,4,0,2,1,1,1,5,Not at intersection,1,80,-37.53834,145.381310000000010
213,T20130000615,10/01/2013,13.30.00,1,Collision with vehicle,5,Thursday,132,RIGHT REAR.,MEL,40,69,F,6,1,Day,257992,3,4,1,1,0,2,1,5,Not at intersection,2,60,-37.8944,145.087940000000000
214,T20130000618,4/01/2013,20.45.00,4,Collision with a fixed object,6,Friday,181,OFF RIGHT BEND INTO OBJECT/PARKED VEHICLE,VCS,9,45,F,4,2,Dusk/Dawn,267867,1,2,2,0,0,0,2,5,Not at intersection,2,100,-36.67513,144.868979999999990
215,T20130000620,10/01/2013,15.30.00,4,Collision with a fixed object,5,Thursday,181,OFF RIGHT BEND INTO OBJECT/PARKED VEHICLE,VCS,9,68,D,4,1,Day,267868,1,1,1,0,0,0,2,5,Not at intersection,2,100,-37.18679,148.727540000000000
216,T20130000622,10/01/2013,14.17.00,1,Collision with vehicle,5,Thursday,121,RIGHT THROUGH,MEL,40,76,K,12,1,Day,42092,2,2,0,1,0,1,1,9,Unknown,3,60,-37.95914,145.019569999999990
217,T20130000630,10/01/2013,15.00.00,5,collision with some other object,5,Thursday,166,STRUCK OBJECT ON CARRIAGEWAY,VCS,9,414,K,10,1,Day,267869,1,1,0,1,0,0,2,5,Not at intersection,3,999,-37.40594,144.539120000000000
218,T20130000634,10/01/2013,15.25.00,6,Vehicle overturned (no collision),5,Thursday,180,OFF CARRIAGEWAY ON RIGHT BEND,VCS,9,20,H,9,1,Day,267870,1,1,1,0,0,0,1,2,T intersection,2,100,-35.94934,143.940940000000010
219,T20130000639,10/01/2013,17.38.00,1,Collision with vehicle,5,Thursday,116,LEFT NEAR (INTERSECTIONS ONLY),VCS,9,572,F,6,1,Day,22537,2,2,1,0,0,1,1,2,T intersection,2,50,-37.60311,143.868660000000010
220,T20130000641,10/01/2013,11.00.00,1,Collision with vehicle,5,Thursday,110,CROSS TRAFFIC(INTERSECTIONS ONLY),VCS,9,520,H,4,1,Day,73512,2,3,0,3,0,0,1,1,Cross intersection,3,60,-38.34087,143.601319999999990
221,T20130000643,10/01/2013,19.56.00,7,Fall from or in moving vehicle,5,Thursday,190,FELL IN/FROM VEHICLE,MEL,40,45,E,4,2,Dusk/Dawn,267872,1,2,1,0,0,1,2,5,Not at intersection,2,50,-37.79915,145.040240000000010
222,T20130000644,10/01/2013,18.47.00,6,Vehicle overturned (no collision),5,Thursday,174,OUT OF CONTROL ON CARRIAGEWAY (ON STRAIGHT),MEL,40,390,H,10,1,Day,61041,2,3,0,2,0,1,1,1,Cross intersection,3,80,-37.60064,145.095740000000010
223,T20130000647,9/01/2013,17.53.00,1,Collision with vehicle,4,Wednesday,130,REAR END(VEHICLES IN SAME LANE),MEL,40,50,C,11,1,Day,39704,2,2,0,1,0,1,2,1,Cross intersection,3,60,-37.82516,145.251690000000000
224,T20130000648,8/01/2013,05.00.00,6,Vehicle overturned (no collision),3,Tuesday,170,OFF CARRIAGEWAY TO LEFT,VCS,9,76,G,2,2,Dusk/Dawn,257255,1,1,0,1,0,0,2,2,T intersection,3,100,-37.52266,143.923049999999990
225,T20130000649,10/01/2013,19.30.00,4,Collision with a fixed object,5,Thursday,183,OFF LEFT BEND INTO OBJECT/PARKED VEHICLE,VCS,9,96,G,2,1,Day,257258,1,1,0,1,0,0,1,5,Not at intersection,3,100,-38.03265,145.938230000000000
226,T20130000652,10/01/2013,19.30.00,4,Collision with a fixed object,5,Thursday,181,OFF RIGHT BEND INTO OBJECT/PARKED VEHICLE,VCS,9,73,C,5,1,Day,257779,1,2,1,1,0,0,1,5,Not at intersection,2,100,-37.70588,142.078869999999990
227,T20130000653,10/01/2013,17.00.00,4,Collision with a fixed object,5,Thursday,181,OFF RIGHT BEND INTO OBJECT/PARKED VEHICLE,MEL,40,16,G,5,1,Day,258092,1,4,1,3,0,0,1,5,Not at intersection,2,60,-37.71438,144.917489999999990
228,T20130000655,10/01/2013,22.38.00,1,Collision with vehicle,5,Thursday,121,RIGHT THROUGH,MEL,40,180,E,9,3,Dark Street lights on,1137,2,3,1,1,0,1,1,1,Cross intersection,2,60,-37.64332,144.951159999999990
229,T20130000658,10/01/2013,22.05.00,1,Collision with vehicle,5,Thursday,110,CROSS TRAFFIC(INTERSECTIONS ONLY),MEL,40,26,A,1,3,Dark Street lights on,44939,2,3,1,1,0,1,1,1,Cross intersection,2,60,-37.74423,144.799939999999990
230,T20130000659,10/01/2013,23.00.00,2,Struck Pedestrian,5,Thursday,100,PED NEAR SIDE. PED HIT BY VEHICLE FROM THE RIGHT.,MEL,40,2M,D,6,3,Dark Street lights on,390,1,2,0,1,0,1,2,1,Cross intersection,3,60,-37.84059,145.004700000000010
231,T20130000661,4/01/2013,21.45.00,1,Collision with vehicle,6,Friday,130,REAR END(VEHICLES IN SAME LANE),MEL,40,169,D,3,3,Dark Street lights on,267873,2,2,0,1,0,1,2,5,Not at intersection,3,60,-38.36811,144.857589999999990
232,T20130000666,10/01/2013,21.30.00,4,Collision with a fixed object,5,Thursday,171,LEFT OFF CARRIAGEWAY INTO OBJECT/PARKED VEHICLE,MEL,40,111,J,11,3,Dark Street lights on,258093,1,1,1,0,0,0,1,5,Not at intersection,2,70,-38.04333,145.367210000000000
233,T20130000669,10/01/2013,12.10.00,1,Collision with vehicle,5,Thursday,140,U TURN,MEL,40,45,C,10,1,Day,38911,2,2,0,1,0,1,1,2,T intersection,3,60,-37.82205,145.030520000000000
234,T20130000671,11/01/2013,09.25.00,1,Collision with vehicle,6,Friday,113,RIGHT NEAR (INTERSECTIONS ONLY),MEL,40,432,D,8,1,Day,55408,2,2,0,1,0,1,1,1,Cross intersection,3,60,-38.07515,144.366950000000000
235,T20130000674,11/01/2013,09.00.00,1,Collision with vehicle,6,Friday,160,VEHICLE COLLIDES WITH VEHICLE PARKED ON LEFT OF ROAD,MEL,40,30,E,11,1,Day,81767,3,2,1,0,0,1,1,5,Not at intersection,2,40,-37.78068,144.996759999999990
236,T20130000678,10/01/2013,16.55.00,1,Collision with vehicle,5,Thursday,120,HEAD ON (NOT OVERTAKING),MEL,40,145,D,3,1,Day,259209,2,3,0,3,0,0,1,5,Not at intersection,3,80,-38.23551,145.037250000000000
237,T20130000680,11/01/2013,11.00.00,8,No collision and no object struck,6,Friday,189,OTHER ACCIDENTS ON CURVE NOT INCLUDED IN DCAs 180-184,VCS,9,63,H,2,9,Unknown,267875,1,1,0,1,0,0,2,5,Not at intersection,3,999,-37.05814,146.384719999999990
238,T20130000681,10/01/2013,14.50.00,1,Collision with vehicle,5,Thursday,111,RIGHT FAR (INTERSECTIONS ONLY),VCS,9,33,A,5,1,Day,49358,2,6,1,1,0,4,1,4,Multiple intersection,2,100,-36.19914,145.531540000000010
239,T20130000682,11/01/2013,09.30.00,1,Collision with vehicle,6,Friday,163,VEHICLE STRIKES DOOR OF PARKED/STATIONARY VEHICLE,MEL,40,19,B,9,1,Day,44489,2,2,0,1,0,1,2,1,Cross intersection,3,60,-37.73144,145.025170000000000
240,T20130000683,11/01/2013,10.23.00,1,Collision with vehicle,6,Friday,120,HEAD ON (NOT OVERTAKING),MEL,40,388,F,11,1,Day,267876,3,3,1,1,0,1,1,5,Not at intersection,2,100,-37.60548,144.999460000000000
241,T20130000685,11/01/2013,09.00.00,2,Struck Pedestrian,6,Friday,101,PED EMERGES FROM IN FRONT OF PARKED OR STATIONARY VEHICLE,MEL,40,31,B,10,1,Day,236955,1,3,0,1,0,2,1,5,Not at intersection,3,60,-37.77711,145.025450000000010
242,T20130000691,1/01/2013,14.55.00,1,Collision with vehicle,3,Tuesday,110,CROSS TRAFFIC(INTERSECTIONS ONLY),VCS,9,92,H,6,1,Day,50322,2,5,0,5,0,0,1,1,Cross intersection,3,100,-38.29953,143.980719999999990
243,T20130000694,11/01/2013,10.15.00,1,Collision with vehicle,6,Friday,147,VEHICLE STRIKES ANOTHER VEH WHILE EMERGING FROM DRIVEWAY,MEL,40,79,E,12,1,Day,267878,2,2,0,1,0,1,1,5,Not at intersection,3,60,-37.95937,145.127440000000010
244,T20130000696,11/01/2013,12.00.00,8,No collision and no object struck,6,Friday,174,OUT OF CONTROL ON CARRIAGEWAY (ON STRAIGHT),VCS,9,424,J,3,1,Day,257314,1,1,1,0,0,0,2,2,T intersection,2,999,-37.47957,144.507499999999990
245,T20130000699,11/01/2013,10.20.00,1,Collision with vehicle,6,Friday,130,REAR END(VEHICLES IN SAME LANE),MEL,40,452,J,6,1,Day,258494,5,11,0,5,0,6,1,5,Not at intersection,3,70,-38.15858,144.391300000000000
246,T20130000700,11/01/2013,12.55.00,8,No collision and no object struck,5,Friday,199,UNKNOWN-NO DETAILS ON MANOEUVRES OF ROAD-USERS IN ACCIDENT,MEL,40,77,F,5,1,Day,257313,1,1,1,0,0,0,1,5,Not at intersection,2,70,-37.93407,145.043849999999990
247,T20130000702,11/01/2013,14.32.00,1,Collision with vehicle,6,Friday,134,LANE CHANGE RIGHT (NOT OVERTAKING),MEL,40,100,A,6,1,Day,921,2,2,0,1,0,1,1,1,Cross intersection,3,80,-38.11269,145.157500000000000
248,T20130000707,11/01/2013,15.15.00,2,Struck Pedestrian,6,Friday,102,FAR SIDE. PED HIT BY VEHICLE FROM THE LEFT,MEL,40,2B,K,8,1,Day,36432,1,2,1,0,0,1,1,1,Cross intersection,2,60,-37.80122,144.974330000000010
249,T20130000709,11/01/2013,15.15.00,5,collision with some other object,6,Friday,191,LOAD OR MISSILE STRUCK VEHICLE,VCS,9,60,H,2,1,Day,257312,2,3,0,1,0,2,2,5,Not at intersection,3,100,-37.00966,144.956750000000000
250,T20130000710,11/01/2013,15.45.00,4,Collision with a fixed object,6,Friday,173,RIGHT OFF CARRIAGEWAY INTO OBJECT/PARKED VEHICLE,MEL,40,456,K,10,1,Day,267879,1,2,1,0,0,1,1,5,Not at intersection,2,60,-38.17338,144.574240000000000
251,T20130000711,11/01/2013,12.29.00,4,Collision with a fixed object,6,Friday,171,LEFT OFF CARRIAGEWAY INTO OBJECT/PARKED VEHICLE,VCS,9,427,D,6,1,Day,36071,1,1,1,0,0,0,1,1,Cross intersection,2,100,-37.54909,145.030610000000000
252,T20130000713,11/01/2013,17.20.00,1,Collision with vehicle,6,Friday,132,RIGHT REAR.,MEL,40,41,E,4,1,Day,38601,2,2,1,0,0,1,1,2,T intersection,2,60,-37.7997,144.863480000000010
253,T20130000714,11/01/2013,17.45.00,1,Collision with vehicle,6,Friday,110,CROSS TRAFFIC(INTERSECTIONS ONLY),MEL,40,2S,D,12,1,Day,38753,3,2,1,0,0,1,1,1,Cross intersection,2,50,-37.8082,144.895160000000000
254,T20130000716,11/01/2013,16.20.00,4,Collision with a fixed object,6,Friday,183,OFF LEFT BEND INTO OBJECT/PARKED VEHICLE,VCS,9,100,H,5,1,Day,267881,1,1,1,0,0,0,1,5,Not at intersection,2,80,-38.73003,143.430980000000010
255,T20130000717,11/01/2013,20.34.00,1,Collision with vehicle,6,Friday,130,REAR END(VEHICLES IN SAME LANE),MEL,40,7,F,4,1,Day,1303,3,4,0,1,0,3,1,1,Cross intersection,3,80,-37.66725,144.954790000000000
256,T20130000718,6/01/2013,13.50.00,1,Collision with vehicle,1,Sunday,130,REAR END(VEHICLES IN SAME LANE),MEL,40,104,J,11,1,Day,257311,4,5,0,2,0,3,1,5,Not at intersection,3,70,-38.21978,145.057600000000010
257,T20130000722,11/01/2013,19.55.00,6,Vehicle overturned (no collision),6,Friday,170,OFF CARRIAGEWAY TO LEFT,MEL,40,96,A,7,2,Dusk/Dawn,267883,1,2,0,1,0,1,1,5,Not at intersection,3,100,-38.02998,145.246649999999990
258,T20130000723,11/01/2013,20.42.00,6,Vehicle overturned (no collision),6,Friday,174,OUT OF CONTROL ON CARRIAGEWAY (ON STRAIGHT),MEL,40,26,A,1,1,Day,44939,1,1,1,0,0,0,1,1,Cross intersection,2,50,-37.74423,144.799939999999990
259,T20130000724,11/01/2013,18.37.00,4,Collision with a fixed object,6,Friday,171,LEFT OFF CARRIAGEWAY INTO OBJECT/PARKED VEHICLE,MEL,40,8,H,5,1,Day,257615,2,3,1,0,0,2,1,5,Not at intersection,2,50,-37.67083,145.008320000000000
260,T20130000725,11/01/2013,05.50.00,1,Collision with vehicle,6,Friday,130,REAR END(VEHICLES IN SAME LANE),MEL,40,40,C,7,2,Dusk/Dawn,267884,2,2,0,1,0,1,2,5,Not at intersection,3,80,-37.80955,144.807979999999990
261,T20130000726,11/01/2013,04.20.00,6,Vehicle overturned (no collision),5,Friday,174,OUT OF CONTROL ON CARRIAGEWAY (ON STRAIGHT),MEL,40,40,C,8,3,Dark Street lights on,11695,1,1,0,1,0,0,1,4,Multiple intersection,3,70,-37.81542,144.809090000000000
262,T20130000730,12/01/2013,02.30.00,2,Struck Pedestrian,7,Saturday,109,ANY MANOEUVRE INVOLVING PED NOT INCLUDED IN DCAs 100-108.,MEL,40,1A,A,5,3,Dark Street lights on,29415,1,2,1,0,0,1,2,2,T intersection,2,40,-37.81709,144.953239999999990
263,T20130000731,10/01/2013,19.30.00,1,Collision with vehicle,5,Thursday,142,LEAVING PARKING,MEL,40,67,B,2,2,Dusk/Dawn,68279,2,2,0,1,0,1,2,1,Cross intersection,3,50,-37.88072,144.982879999999990
264,T20130000732,5/01/2013,20.25.00,1,Collision with vehicle,7,Saturday,130,REAR END(VEHICLES IN SAME LANE),MEL,40,87,B,6,9,Unknown,35605,2,3,0,1,0,2,2,1,Cross intersection,3,60,-37.98217,145.071350000000000
265,T20130000734,12/01/2013,08.10.00,1,Collision with vehicle,7,Saturday,113,RIGHT NEAR (INTERSECTIONS ONLY),MEL,40,481,G,10,1,Day,15453,2,2,1,0,0,1,1,1,Cross intersection,2,100,-38.25941,144.424560000000010
266,T20130000735,11/01/2013,19.26.00,1,Collision with vehicle,6,Friday,110,CROSS TRAFFIC(INTERSECTIONS ONLY),MEL,40,17,D,10,1,Day,35580,2,2,1,0,0,1,1,1,Cross intersection,2,50,-37.73229,144.945799999999990
267,T20130000742,12/01/2013,10.55.00,1,Collision with vehicle,7,Saturday,130,REAR END(VEHICLES IN SAME LANE),MEL,40,183,G,10,1,Day,237030,2,3,1,0,0,2,1,2,T intersection,2,80,-37.64615,145.093989999999990
268,T20130000743,12/01/2013,11.00.00,2,Struck Pedestrian,7,Saturday,108,PED STRUCK WALKING TO/FROM OR BOARDING/ALIGHTING VEHICLE.,MEL,40,29,J,10,1,Day,35986,3,4,0,2,0,2,2,1,Cross intersection,3,60,-37.77587,144.971049999999990
269,T20130000744,12/01/2013,09.55.00,4,Collision with a fixed object,7,Saturday,181,OFF RIGHT BEND INTO OBJECT/PARKED VEHICLE,MEL,40,451,A,2,1,Day,257221,1,1,1,0,0,0,1,5,Not at intersection,2,60,-38.14121,144.311860000000000
270,T20130000745,11/01/2013,17.00.00,4,Collision with a fixed object,6,Friday,181,OFF RIGHT BEND INTO OBJECT/PARKED VEHICLE,VCS,9,67,E,8,1,Day,267885,1,3,0,2,0,1,1,5,Not at intersection,3,100,-37.42205,148.202769999999990
271,T20130000746,12/01/2013,08.50.00,1,Collision with vehicle,7,Saturday,113,RIGHT NEAR (INTERSECTIONS ONLY),MEL,40,2P,H,8,1,Day,40137,2,2,1,0,0,1,1,2,T intersection,2,60,-37.86546,144.992079999999990
272,T20130000748,12/01/2013,10.05.00,4,Collision with a fixed object,7,Saturday,171,LEFT OFF CARRIAGEWAY INTO OBJECT/PARKED VEHICLE,MEL,40,390,J,4,1,Day,267886,2,3,1,0,0,2,1,5,Not at intersection,2,100,-37.58074,145.103810000000010
273,T20130000751,11/01/2013,21.15.00,1,Collision with vehicle,6,Friday,116,LEFT NEAR (INTERSECTIONS ONLY),MEL,40,453,C,11,3,Dark Street lights on,44497,2,2,0,1,0,1,1,2,T intersection,3,60,-38.17476,144.406929999999990
274,T20130000756,7/01/2013,12.10.00,4,Collision with a fixed object,2,Monday,181,OFF RIGHT BEND INTO OBJECT/PARKED VEHICLE,VCS,9,69,D,5,1,Day,267887,1,2,0,1,1,0,1,5,Not at intersection,1,100,-37.47475,149.178259999999990
275,T20130000757,8/01/2013,14.00.00,1,Collision with vehicle,3,Tuesday,130,REAR END(VEHICLES IN SAME LANE),MEL,40,28,A,1,1,Day,259196,3,3,0,1,0,2,2,5,Not at intersection,3,60,-37.74492,144.891169999999990
276,T20130000760,12/01/2013,15.14.00,1,Collision with vehicle,7,Saturday,140,U TURN,MEL,40,88,J,6,1,Day,53464,2,9,1,1,0,7,1,1,Cross intersection,2,80,-37.98244,145.146170000000010
277,T20130000761,11/01/2013,10.00.00,4,Collision with a fixed object,6,Friday,181,OFF RIGHT BEND INTO OBJECT/PARKED VEHICLE,VCS,9,3,G,9,9,Unknown,257782,1,3,0,2,0,1,1,5,Not at intersection,3,100,-34.47675,142.343850000000000
278,T20130000764,11/01/2013,20.20.00,1,Collision with vehicle,6,Friday,113,RIGHT NEAR (INTERSECTIONS ONLY),MEL,40,131,B,2,2,Dusk/Dawn,43863,3,4,1,0,0,3,1,2,T intersection,2,80,-38.05563,145.339249999999990
279,T20130000765,12/01/2013,17.10.00,1,Collision with vehicle,7,Saturday,132,RIGHT REAR.,MEL,40,93,B,9,1,Day,43233,2,2,1,1,0,0,1,2,T intersection,2,60,-38.03659,145.114870000000000
280,T20130000766,12/01/2013,14.30.00,2,Struck Pedestrian,7,Saturday,109,ANY MANOEUVRE INVOLVING PED NOT INCLUDED IN DCAs 100-108.,MEL,40,56,D,8,1,Day,55428,1,4,0,1,0,3,2,2,T intersection,3,50,-37.85929,144.900949999999990
281,T20130000767,10/01/2013,14.30.00,1,Collision with vehicle,5,Thursday,121,RIGHT THROUGH,MEL,40,88,A,2,1,Day,42856,2,3,0,2,0,1,2,1,Cross intersection,3,80,-37.9664,145.110620000000010
282,T20130000769,12/01/2013,16.40.00,1,Collision with vehicle,7,Saturday,130,REAR END(VEHICLES IN SAME LANE),MEL,40,2P,K,4,1,Day,267888,3,4,0,2,0,2,1,5,Not at intersection,3,70,-37.85846,144.996140000000000
283,T20130000770,12/01/2013,18.00.00,6,Vehicle overturned (no collision),7,Saturday,184,OUT OF CONTROL ON CARRIAGEWAY (ON BEND),VCS,9,77,B,5,1,Day,267889,1,1,1,0,0,0,1,2,T intersection,2,999,-37.71404,144.049569999999990
284,T20130000771,12/01/2013,17.10.00,1,Collision with vehicle,6,Saturday,121,RIGHT THROUGH,MEL,40,441,C,4,1,Day,278579,2,4,2,1,0,1,1,4,Multiple intersection,2,70,-38.10456,144.319080000000010
285,T20130000773,12/01/2013,19.25.00,1,Collision with vehicle,7,Saturday,116,LEFT NEAR (INTERSECTIONS ONLY),MEL,40,15,B,8,1,Day,561,2,4,0,1,0,3,1,1,Cross intersection,3,60,-37.72774,144.851530000000000
286,T20130000775,13/01/2013,01.00.00,2,Struck Pedestrian,1,Sunday,109,ANY MANOEUVRE INVOLVING PED NOT INCLUDED IN DCAs 100-108.,MEL,40,1B,N,10,3,Dark Street lights on,189512,1,2,0,1,0,1,1,5,Not at intersection,3,40,-37.81736,144.967750000000000
287,T20130000777,13/01/2013,06.00.00,6,Vehicle overturned (no collision),1,Sunday,172,OFF CARRIAGEWAY TO RIGHT,VCS,9,97,F,5,2,Dusk/Dawn,267890,1,1,0,1,0,0,1,5,Not at intersection,3,110,-38.19916,146.290300000000000
288,T20130000778,12/01/2013,09.00.00,6,Vehicle overturned (no collision),7,Saturday,172,OFF CARRIAGEWAY TO RIGHT,VCS,9,59,J,5,1,Day,257330,1,2,0,1,0,1,1,5,Not at intersection,3,100,-37.19798,144.443870000000000
289,T20130000784,11/01/2013,11.40.00,1,Collision with vehicle,6,Friday,130,REAR END(VEHICLES IN SAME LANE),VCS,9,84,A,7,1,Day,267892,2,4,0,2,0,2,1,5,Not at intersection,3,100,-37.85296,147.543950000000000
290,T20130000789,13/01/2013,05.00.00,4,Collision with a fixed object,1,Sunday,173,RIGHT OFF CARRIAGEWAY INTO OBJECT/PARKED VEHICLE,VCS,9,582,D,2,3,Dark Street lights on,267893,1,1,1,0,0,0,1,5,Not at intersection,2,50,-37.30932,144.138880000000000
291,T20130000790,13/01/2013,11.00.00,4,Collision with a fixed object,1,Sunday,183,OFF LEFT BEND INTO OBJECT/PARKED VEHICLE,VCS,9,32,H,7,1,Day,267894,1,1,0,1,0,0,1,5,Not at intersection,3,90,-36.33133,145.399689999999990
292,T20130000791,12/01/2013,10.30.00,6,Vehicle overturned (no collision),7,Saturday,184,OUT OF CONTROL ON CARRIAGEWAY (ON BEND),VCS,9,46,D,7,1,Day,257310,1,1,1,0,0,0,2,3,Y intersection,2,80,-36.86871,145.147950000000010
293,T20130000792,13/01/2013,11.00.00,1,Collision with vehicle,1,Sunday,130,REAR END(VEHICLES IN SAME LANE),VCS,9,31,E,4,1,Day,267895,2,6,0,1,0,5,1,5,Not at intersection,3,100,-36.15827,144.765539999999990
294,T20130000793,13/01/2013,13.20.00,1,Collision with vehicle,1,Sunday,110,CROSS TRAFFIC(INTERSECTIONS ONLY),MEL,40,132,G,11,1,Day,43872,2,3,0,1,0,2,1,1,Cross intersection,3,100,-38.134,145.228250000000000
295,T20130000797,13/01/2013,13.00.00,4,Collision with a fixed object,1,Sunday,171,LEFT OFF CARRIAGEWAY INTO OBJECT/PARKED VEHICLE,VCS,9,96,G,9,1,Day,267896,1,1,0,1,0,0,1,5,Not at intersection,3,100,-38.46137,145.933280000000000
296,T20130000800,13/01/2013,09.30.00,3,Struck animal,1,Sunday,167,STRUCK ANIMAL,VCS,9,36,H,4,1,Day,267897,1,1,1,0,0,0,1,5,Not at intersection,2,100,-36.14639,147.429350000000000
297,T20130000801,13/01/2013,15.00.00,1,Collision with vehicle,1,Sunday,110,CROSS TRAFFIC(INTERSECTIONS ONLY),VCS,9,600,H,9,1,Day,51495,2,4,0,1,0,3,1,1,Cross intersection,3,60,-36.66873,144.334229999999990
298,T20130000804,13/01/2013,10.15.00,1,Collision with vehicle,1,Sunday,110,CROSS TRAFFIC(INTERSECTIONS ONLY),VCS,9,45,C,2,1,Day,256699,2,3,1,0,1,1,1,1,Cross intersection,1,100,-36.53941,144.636490000000010
299,T20130000808,13/01/2013,16.45.00,1,Collision with vehicle,1,Sunday,148,VEHICLE OFF FOOTPATH STRIKES VEH ON CARRIAGEWAY,MEL,40,17,K,12,1,Day,29729,2,2,0,1,0,1,1,2,T intersection,3,60,-37.74186,144.971620000000000