FID,ACCIDENT_N,ACCIDENTDA,ACCIDENTTI,ACCIDENT_T,Accident_T_1,DAY_OF_WEE,Day_Week_D,DCA_CODE,DCA_Descri,DIRECTORY,EDITION,PAGE,GRID_REFER,GRID_REF_1,LIGHT_COND,Light_Cond_1,NODE_ID,NO_OF_VEHI,NO_PERSONS,NO_PERSO_1,NO_PERSO_2,NO_PERSO_3,NO_PERSO_4,POLICE_ATT,ROAD_GEOME,Road_Geome_1,SEVERITY,SPEED_ZONE,Lat,Long
300,T20130000809,13/01/2013,14.50.00,8,No collision and no object struck,1,Sunday,170,OFF CARRIAGEWAY TO LEFT,VCS,9,594,C,10,1,Day,59402,1,1,1,0,0,0,1,2,T intersection,2,50,-36.60392,143.944250000000010
301,T20130000810,13/01/2013,17.25.00,1,Collision with vehicle,1,Sunday,135,LANE CHANGE LEFT (NOT OVERTAKING),MEL,40,657,B,6,1,Day,267898,2,4,1,0,0,3,1,5,Not at intersection,2,110,-37.42201,144.543049999999990
302,T20130000815,12/01/2013,11.15.00,8,No collision and no object struck,7,Saturday,174,OUT OF CONTROL ON CARRIAGEWAY (ON STRAIGHT),MEL,40,67,G,7,1,Day,233342,2,2,1,0,0,1,2,1,Cross intersection,2,40,-37.89755,145.005200000000000
303,T20130000818,11/01/2013,22.00.00,2,Struck Pedestrian,6,Friday,109,ANY MANOEUVRE INVOLVING PED NOT INCLUDED IN DCAs 100-108.,VCS,9,714,C,10,5,Dark No street lights,267899,1,2,0,1,0,1,1,5,Not at intersection,3,50,-38.41426,145.430730000000010
304,T20130000819,13/01/2013,19.45.00,1,Collision with vehicle,1,Sunday,121,RIGHT THROUGH,MEL,40,180,E,9,1,Day,221383,2,2,0,1,0,1,1,1,Cross intersection,3,80,-37.64335,144.951470000000000
305,T20130000821,13/01/2013,16.45.00,1,Collision with vehicle,1,Sunday,121,RIGHT THROUGH,MEL,40,179,K,8,1,Day,35733,2,2,1,0,0,1,1,2,T intersection,2,60,-37.63832,144.930919999999990
306,T20130000824,13/01/2013,19.15.00,4,Collision with a fixed object,1,Sunday,181,OFF RIGHT BEND INTO OBJECT/PARKED VEHICLE,VCS,9,69,E,7,2,Dusk/Dawn,267900,1,1,0,1,0,0,1,5,Not at intersection,3,100,-37.56612,149.200110000000000
307,T20130000835,10/01/2013,09.00.00,1,Collision with vehicle,4,Thursday,147,VEHICLE STRIKES ANOTHER VEH WHILE EMERGING FROM DRIVEWAY,MEL,40,25,F,4,1,Day,257334,2,2,1,0,0,1,2,5,Not at intersection,2,888,-37.75518,144.777250000000010
308,T20130000837,14/01/2013,07.15.00,1,Collision with vehicle,2,Monday,130,REAR END(VEHICLES IN SAME LANE),MEL,40,31,B,10,1,Day,267901,2,2,0,1,0,1,2,5,Not at intersection,3,999,-37.77826,145.025240000000000
309,T20130000843,14/01/2013,09.49.00,1,Collision with vehicle,2,Monday,130,REAR END(VEHICLES IN SAME LANE),VCS,9,92,C,6,1,Day,267902,4,6,0,2,0,4,1,5,Not at intersection,3,40,-38.312,143.687109999999990
310,T20130000844,14/01/2013,09.55.00,8,No collision and no object struck,2,Monday,174,OUT OF CONTROL ON CARRIAGEWAY (ON STRAIGHT),VCS,9,575,P,2,1,Day,267903,1,1,1,0,0,0,1,2,T intersection,2,100,-37.64268,143.701300000000000
311,T20130000849,14/01/2013,10.00.00,1,Collision with vehicle,2,Monday,110,CROSS TRAFFIC(INTERSECTIONS ONLY),VCS,9,607,R,7,1,Day,44647,2,2,0,1,0,1,1,1,Cross intersection,3,60,-36.76535,144.277449999999990
312,T20130000854,14/01/2013,07.55.00,1,Collision with vehicle,2,Monday,113,RIGHT NEAR (INTERSECTIONS ONLY),MEL,40,131,K,1,1,Day,43866,2,2,1,0,0,1,1,1,Cross intersection,2,70,-38.0515,145.374699999999990
313,T20130000858,6/01/2013,01.30.00,1,Collision with vehicle,1,Sunday,110,CROSS TRAFFIC(INTERSECTIONS ONLY),MEL,40,30,E,1,3,Dark Street lights on,29486,2,3,1,0,0,2,1,1,Cross intersection,2,70,-37.7446,144.997449999999990
314,T20130000866,14/01/2013,14.15.00,4,Collision with a fixed object,2,Monday,173,RIGHT OFF CARRIAGEWAY INTO OBJECT/PARKED VEHICLE,VCS,9,672,G,12,1,Day,257485,1,1,1,0,0,0,1,5,Not at intersection,2,999,-36.39672,145.359890000000010
315,T20130000867,14/01/2013,13.20.00,1,Collision with vehicle,2,Monday,120,HEAD ON (NOT OVERTAKING),MEL,40,934,E,6,1,Day,257787,2,7,2,2,0,3,1,5,Not at intersection,2,60,-38.51557,145.344940000000010
316,T20130000870,14/01/2013,15.00.00,8,No collision and no object struck,2,Monday,179,OTHER ACCIDENTS-OFF STRAIGHT NOT INCLUDED IN DCAs 170-175,MEL,40,41,G,7,1,Day,257336,1,1,0,1,0,0,1,5,Not at intersection,3,80,-37.81047,144.870939999999990
317,T20130000871,14/01/2013,12.50.00,4,Collision with a fixed object,2,Monday,173,RIGHT OFF CARRIAGEWAY INTO OBJECT/PARKED VEHICLE,VCS,9,33,A,4,1,Day,257329,1,1,0,1,0,0,1,5,Not at intersection,3,100,-36.1694,145.563400000000000
318,T20130000872,14/01/2013,14.20.00,4,Collision with a fixed object,2,Monday,171,LEFT OFF CARRIAGEWAY INTO OBJECT/PARKED VEHICLE,MEL,40,6,E,5,1,Day,257484,1,1,0,1,0,0,1,5,Not at intersection,3,50,-37.66948,144.906240000000000
319,T20130000874,1/01/2013,15.00.00,4,Collision with a fixed object,3,Tuesday,189,OTHER ACCIDENTS ON CURVE NOT INCLUDED IN DCAs 180-184,VCS,9,67,C,9,1,Day,267904,1,1,1,0,0,0,2,5,Not at intersection,2,999,-37.499,148.112570000000010
320,T20130000875,14/01/2013,15.46.00,1,Collision with vehicle,2,Monday,130,REAR END(VEHICLES IN SAME LANE),MEL,40,8,G,3,1,Day,36948,3,3,0,1,0,2,1,1,Cross intersection,3,70,-37.66432,145.005320000000010
321,T20130000878,14/01/2013,16.45.00,1,Collision with vehicle,2,Monday,121,RIGHT THROUGH,MEL,40,170,E,3,1,Day,258000,2,2,0,1,0,1,1,2,T intersection,3,60,-38.36792,144.907720000000010
322,T20130000879,14/01/2013,16.25.00,1,Collision with vehicle,2,Monday,130,REAR END(VEHICLES IN SAME LANE),MEL,40,51,F,5,1,Day,57447,4,4,0,1,0,3,1,2,T intersection,3,60,-37.80233,145.312379999999990
323,T20130000881,14/01/2013,16.18.00,1,Collision with vehicle,2,Monday,130,REAR END(VEHICLES IN SAME LANE),MEL,40,26,D,7,1,Day,267905,3,3,2,0,0,1,1,5,Not at intersection,2,80,-37.76792,144.812790000000010
324,T20130000882,14/01/2013,16.50.00,1,Collision with vehicle,2,Monday,113,RIGHT NEAR (INTERSECTIONS ONLY),VCS,9,459,F,6,1,Day,29829,2,2,1,1,0,0,1,2,T intersection,2,100,-38.21166,145.468420000000010
325,T20130000883,14/01/2013,16.00.00,2,Struck Pedestrian,2,Monday,106,VEH STRIKES PED ON FOOTPATH/MEDIAN/TRAFFIC ISLAND.,MEL,40,76,G,9,1,Day,257068,1,3,1,0,1,1,1,5,Not at intersection,1,50,-37.94928,145.003050000000000
326,T20130000887,14/01/2013,18.20.00,6,Vehicle overturned (no collision),2,Monday,174,OUT OF CONTROL ON CARRIAGEWAY (ON STRAIGHT),MEL,40,48,D,5,1,Day,257324,1,1,1,0,0,0,1,5,Not at intersection,2,100,-37.80276,145.166660000000010
327,T20130000890,14/01/2013,18.20.00,1,Collision with vehicle,2,Monday,130,REAR END(VEHICLES IN SAME LANE),MEL,40,48,C,5,1,Day,257322,3,3,0,1,0,2,1,5,Not at intersection,3,100,-37.80235,145.164750000000000
328,T20130000891,14/01/2013,16.20.00,1,Collision with vehicle,2,Monday,113,RIGHT NEAR (INTERSECTIONS ONLY),MEL,40,51,F,1,1,Day,35481,2,2,0,1,0,1,1,2,T intersection,3,60,-37.78673,145.310700000000000
329,T20130000892,8/01/2013,18.30.00,1,Collision with vehicle,3,Tuesday,140,U TURN,MEL,40,68,J,5,9,Unknown,267906,2,2,0,1,0,1,2,5,Not at intersection,3,40,-37.89028,145.056870000000000
330,T20130000897,14/01/2013,19.30.00,6,Vehicle overturned (no collision),2,Monday,180,OFF CARRIAGEWAY ON RIGHT BEND,VCS,9,20,H,6,2,Dusk/Dawn,267907,1,1,1,0,0,0,1,5,Not at intersection,2,100,-35.8011,143.955360000000010
331,T20130000898,14/01/2013,22.20.00,4,Collision with a fixed object,2,Monday,171,LEFT OFF CARRIAGEWAY INTO OBJECT/PARKED VEHICLE,MEL,40,37,H,1,3,Dark Street lights on,38447,1,1,1,0,0,0,1,2,T intersection,2,70,-37.74374,145.318870000000000
332,T20130000900,7/01/2013,12.00.00,1,Collision with vehicle,2,Monday,113,RIGHT NEAR (INTERSECTIONS ONLY),MEL,40,206,B,7,1,Day,35666,2,2,0,1,0,1,2,2,T intersection,3,70,-37.89868,144.670179999999990
333,T20130000901,13/01/2013,22.00.00,4,Collision with a fixed object,1,Sunday,175,OFF END OF ROAD/T-INTERSECTION.,MEL,40,358,J,1,5,Dark No street lights,257998,1,1,0,1,0,0,1,4,Multiple intersection,3,60,-37.74285,144.749560000000000
334,T20130000910,15/01/2013,07.00.00,6,Vehicle overturned (no collision),3,Tuesday,174,OUT OF CONTROL ON CARRIAGEWAY (ON STRAIGHT),VCS,9,417,D,2,2,Dusk/Dawn,257309,1,1,0,1,0,0,1,5,Not at intersection,3,60,-37.26587,145.042290000000010
335,T20130000911,15/01/2013,07.20.00,1,Collision with vehicle,3,Tuesday,120,HEAD ON (NOT OVERTAKING),VCS,9,566,F,4,1,Day,257483,3,2,0,1,0,1,1,5,Not at intersection,3,60,-37.54437,143.865720000000010
336,T20130000912,14/01/2013,15.15.00,1,Collision with vehicle,2,Monday,130,REAR END(VEHICLES IN SAME LANE),MEL,40,49,K,7,1,Day,84,3,3,0,1,0,2,1,1,Cross intersection,3,60,-37.81102,145.237490000000010
337,T20130000916,15/01/2013,09.25.00,1,Collision with vehicle,3,Tuesday,121,RIGHT THROUGH,MEL,40,18,G,9,1,Day,62714,3,4,0,1,0,3,1,2,T intersection,3,50,-37.72947,145.002999999999990
338,T20130000917,15/01/2013,09.45.00,1,Collision with vehicle,3,Tuesday,130,REAR END(VEHICLES IN SAME LANE),MEL,40,96,J,7,1,Day,43291,2,2,0,1,0,1,1,2,T intersection,3,80,-38.02991,145.279709999999990
339,T20130000921,6/01/2013,01.50.00,7,Fall from or in moving vehicle,1,Sunday,190,FELL IN/FROM VEHICLE,MEL,40,2N,J,6,3,Dark Street lights on,46294,1,2,0,1,0,1,1,4,Multiple intersection,3,50,-37.86246,144.972890000000010
340,T20130000922,13/01/2013,15.30.00,8,No collision and no object struck,1,Sunday,184,OUT OF CONTROL ON CARRIAGEWAY (ON BEND),VCS,9,80,B,8,1,Day,257479,1,1,1,0,0,0,2,5,Not at intersection,2,50,-37.91609,145.576699999999990
341,T20130000926,15/01/2013,11.10.00,1,Collision with vehicle,3,Tuesday,120,HEAD ON (NOT OVERTAKING),VCS,9,428,K,6,1,Day,257475,2,3,0,1,0,2,1,5,Not at intersection,3,60,-37.55989,145.331099999999990
342,T20130000930,15/01/2013,07.30.00,1,Collision with vehicle,3,Tuesday,110,CROSS TRAFFIC(INTERSECTIONS ONLY),MEL,40,18,E,3,1,Day,43831,2,2,0,1,0,1,1,1,Cross intersection,3,60,-37.7079,144.997909999999990
343,T20130000932,15/01/2013,13.00.00,1,Collision with vehicle,3,Tuesday,110,CROSS TRAFFIC(INTERSECTIONS ONLY),VCS,9,613,L,2,1,Day,59862,2,4,1,0,0,3,1,1,Cross intersection,2,60,-36.79384,144.237840000000010
344,T20130000933,15/01/2013,11.05.00,1,Collision with vehicle,3,Tuesday,110,CROSS TRAFFIC(INTERSECTIONS ONLY),MEL,40,2K,E,1,1,Day,57485,2,2,1,0,0,1,1,1,Cross intersection,2,50,-37.83206,144.963860000000010
345,T20130000934,14/01/2013,15.30.00,6,Vehicle overturned (no collision),2,Monday,184,OUT OF CONTROL ON CARRIAGEWAY (ON BEND),VCS,9,83,B,8,1,Day,267908,1,1,0,1,0,0,2,5,Not at intersection,3,100,-37.87629,147.028429999999990
346,T20130000938,15/01/2013,11.45.00,8,No collision and no object struck,3,Tuesday,184,OUT OF CONTROL ON CARRIAGEWAY (ON BEND),VCS,9,93,B,9,1,Day,267909,1,1,1,0,0,0,1,5,Not at intersection,2,999,-38.44137,144.027500000000000
347,T20130000939,15/01/2013,07.45.00,1,Collision with vehicle,3,Tuesday,110,CROSS TRAFFIC(INTERSECTIONS ONLY),MEL,40,59,E,7,1,Day,40374,2,2,0,1,0,1,1,1,Cross intersection,3,60,-37.85322,145.042139999999990
348,T20130000943,14/01/2013,14.55.00,1,Collision with vehicle,2,Monday,110,CROSS TRAFFIC(INTERSECTIONS ONLY),VCS,9,703,R,9,1,Day,257792,2,2,1,0,0,1,1,1,Cross intersection,2,60,-38.20555,146.152989999999990
349,T20130000948,15/01/2013,12.25.00,2,Struck Pedestrian,3,Tuesday,109,ANY MANOEUVRE INVOLVING PED NOT INCLUDED IN DCAs 100-108.,MEL,40,50,J,4,1,Day,267910,1,2,1,0,0,1,1,5,Not at intersection,2,70,-37.79885,145.280139999999990
350,T20130000949,15/01/2013,10.50.00,1,Collision with vehicle,3,Tuesday,110,CROSS TRAFFIC(INTERSECTIONS ONLY),MEL,40,79,E,5,1,Day,42442,2,2,0,1,0,1,1,1,Cross intersection,3,50,-37.93546,145.131059999999990
351,T20130000951,15/01/2013,17.25.00,1,Collision with vehicle,3,Tuesday,143,ENTERING PARKING,MEL,40,2C,A,9,1,Day,257555,2,3,0,1,0,2,1,5,Not at intersection,3,40,-37.80245,144.977759999999990
352,T20130000954,15/01/2013,16.20.00,1,Collision with vehicle,3,Tuesday,135,LANE CHANGE LEFT (NOT OVERTAKING),MEL,40,442,A,2,1,Day,57632,2,2,1,0,0,1,1,1,Cross intersection,2,80,-38.09882,144.355020000000000
353,T20130000955,15/01/2013,17.00.00,2,Struck Pedestrian,3,Tuesday,107,PED ON FOOTHPATH STRUCK BY VEHENTERING/LEAVING DRIVEWAY.,MEL,40,483,J,12,1,Day,257554,1,2,1,0,0,1,1,5,Not at intersection,2,777,-38.26789,144.525589999999990
354,T20130000956,15/01/2013,17.15.00,1,Collision with vehicle,3,Tuesday,137,LEFT TURN SIDESWIPE,MEL,40,2B,B,8,5,Dark No street lights,36210,2,2,0,2,0,0,1,1,Cross intersection,3,60,-37.79972,144.957560000000000
355,T20130000957,15/01/2013,17.17.00,4,Collision with a fixed object,3,Tuesday,183,OFF LEFT BEND INTO OBJECT/PARKED VEHICLE,MEL,40,144,A,2,1,Day,267911,2,2,1,0,0,1,1,5,Not at intersection,2,80,-38.20893,145.376659999999990
356,T20130000958,15/01/2013,16.25.00,1,Collision with vehicle,3,Tuesday,130,REAR END(VEHICLES IN SAME LANE),MEL,40,79,H,2,1,Day,42466,2,5,0,1,0,4,1,2,T intersection,3,80,-37.92338,145.141480000000000
357,T20130000960,15/01/2013,18.00.00,1,Collision with vehicle,3,Tuesday,130,REAR END(VEHICLES IN SAME LANE),MEL,40,60,G,11,1,Day,40597,2,2,0,1,0,1,1,2,T intersection,3,60,-37.86796,145.092530000000010
358,T20130000962,15/01/2013,14.20.00,4,Collision with a fixed object,3,Tuesday,171,LEFT OFF CARRIAGEWAY INTO OBJECT/PARKED VEHICLE,MEL,40,13,C,1,1,Day,257476,1,1,1,0,0,0,1,5,Not at intersection,2,60,-37.69948,144.764929999999990
359,T20130000964,15/01/2013,18.47.00,1,Collision with vehicle,3,Tuesday,110,CROSS TRAFFIC(INTERSECTIONS ONLY),MEL,40,34,C,8,1,Day,38372,2,3,1,0,0,2,1,1,Cross intersection,2,60,-37.76857,145.165650000000000
360,T20130000965,15/01/2013,16.55.00,1,Collision with vehicle,3,Tuesday,120,HEAD ON (NOT OVERTAKING),VCS,9,708,B,3,1,Day,257450,2,2,0,2,0,0,1,2,T intersection,3,60,-38.65417,146.194780000000010
361,T20130000968,7/01/2013,09.30.00,4,Collision with a fixed object,2,Monday,183,OFF LEFT BEND INTO OBJECT/PARKED VEHICLE,VCS,9,602,D,5,1,Day,257478,1,1,0,1,0,0,2,5,Not at intersection,3,100,-36.69978,144.206310000000000
362,T20130000970,15/01/2013,18.12.00,1,Collision with vehicle,3,Tuesday,110,CROSS TRAFFIC(INTERSECTIONS ONLY),VCS,9,566,H,7,1,Day,60792,2,2,1,0,0,1,1,1,Cross intersection,2,50,-37.55648,143.880900000000000
363,T20130000975,15/01/2013,20.56.00,1,Collision with vehicle,3,Tuesday,110,CROSS TRAFFIC(INTERSECTIONS ONLY),MEL,40,69,A,3,3,Dark Street lights on,57539,2,3,0,1,0,2,1,1,Cross intersection,3,70,-37.88455,145.067479999999990
364,T20130000977,15/01/2013,16.00.00,1,Collision with vehicle,3,Tuesday,132,RIGHT REAR.,VCS,9,571,U,4,1,Day,259979,2,2,0,1,0,1,2,2,T intersection,3,60,-37.5953,143.836850000000000
365,T20130000979,15/01/2013,22.45.00,4,Collision with a fixed object,3,Tuesday,171,LEFT OFF CARRIAGEWAY INTO OBJECT/PARKED VEHICLE,MEL,40,52,A,8,3,Dark Street lights on,39843,1,1,1,0,0,0,1,2,T intersection,2,80,-37.81421,145.331470000000000
366,T20130000980,15/01/2013,23.30.00,3,Struck animal,3,Tuesday,167,STRUCK ANIMAL,VCS,9,88,C,6,5,Dark No street lights,257456,1,3,0,1,0,2,1,5,Not at intersection,3,100,-38.28319,141.632309999999990
367,T20130000981,15/01/2013,17.12.00,4,Collision with a fixed object,3,Tuesday,171,LEFT OFF CARRIAGEWAY INTO OBJECT/PARKED VEHICLE,MEL,40,98,C,11,1,Day,267912,1,1,1,0,0,0,1,5,Not at intersection,2,100,-38.08751,145.166300000000010
368,T20130000983,16/01/2013,00.15.00,4,Collision with a fixed object,4,Wednesday,181,OFF RIGHT BEND INTO OBJECT/PARKED VEHICLE,VCS,9,84,E,6,5,Dark No street lights,257440,1,1,1,0,0,0,1,5,Not at intersection,2,70,-37.79414,147.779210000000010
369,T20130000984,15/01/2013,19.30.00,4,Collision with a fixed object,3,Tuesday,181,OFF RIGHT BEND INTO OBJECT/PARKED VEHICLE,VCS,9,54,D,5,2,Dusk/Dawn,267913,1,2,2,0,0,0,2,5,Not at intersection,2,100,-37.24747,141.729060000000000
370,T20130000986,16/01/2013,02.55.00,6,Vehicle overturned (no collision),4,Wednesday,174,OUT OF CONTROL ON CARRIAGEWAY (ON STRAIGHT),VCS,9,514,G,5,3,Dark Street lights on,50757,1,2,0,1,0,1,1,1,Cross intersection,3,70,-38.36967,142.468480000000000
371,T20130000987,16/01/2013,06.00.00,1,Collision with vehicle,4,Wednesday,116,LEFT NEAR (INTERSECTIONS ONLY),VCS,9,613,L,5,2,Dusk/Dawn,59875,2,2,0,1,0,1,1,2,T intersection,3,60,-36.80606,144.238930000000010
372,T20130000988,16/01/2013,07.10.00,1,Collision with vehicle,4,Wednesday,110,CROSS TRAFFIC(INTERSECTIONS ONLY),MEL,40,45,K,4,1,Day,35459,2,2,0,1,0,1,1,1,Cross intersection,3,60,-37.80079,145.062520000000010
373,T20130000990,13/01/2013,17.50.00,1,Collision with vehicle,1,Sunday,120,HEAD ON (NOT OVERTAKING),VCS,9,535,U,7,1,Day,257793,2,3,0,1,0,2,1,5,Not at intersection,3,60,-34.19497,142.183920000000000
374,T20130000991,11/01/2013,09.20.00,1,Collision with vehicle,6,Friday,160,VEHICLE COLLIDES WITH VEHICLE PARKED ON LEFT OF ROAD,MEL,40,157,E,10,1,Day,257623,2,1,0,1,0,0,2,5,Not at intersection,3,50,-38.34992,144.755159999999990
375,T20130000993,16/01/2013,07.50.00,1,Collision with vehicle,4,Wednesday,148,VEHICLE OFF FOOTPATH STRIKES VEH ON CARRIAGEWAY,MEL,40,42,C,8,1,Day,38779,2,2,1,0,0,1,1,1,Cross intersection,2,50,-37.81467,144.899769999999990
376,T20130000994,10/01/2013,10.40.00,1,Collision with vehicle,5,Thursday,145,REVERSING IN STREAM OF TRAFFIC,VCS,9,704,F,5,1,Day,258094,2,3,0,1,0,2,2,5,Not at intersection,3,60,-38.15697,145.930849999999990
377,T20130000995,15/01/2013,23.25.00,4,Collision with a fixed object,3,Tuesday,173,RIGHT OFF CARRIAGEWAY INTO OBJECT/PARKED VEHICLE,VCS,9,91,D,8,5,Dark No street lights,257436,1,1,1,0,0,0,1,5,Not at intersection,2,100,-38.42051,143.167200000000010
378,T20130000997,15/01/2013,21.10.00,1,Collision with vehicle,3,Tuesday,140,U TURN,MEL,40,77,J,1,3,Dark Street lights on,42233,2,2,0,1,0,1,1,2,T intersection,3,60,-37.92088,145.056909999999990
379,T20130001000,16/01/2013,07.35.00,1,Collision with vehicle,4,Wednesday,121,RIGHT THROUGH,MEL,40,2G,J,5,1,Day,257794,2,2,0,1,0,1,1,2,T intersection,3,40,-37.81675,144.994280000000000
380,T20130001001,16/01/2013,09.30.00,1,Collision with vehicle,4,Wednesday,147,VEHICLE STRIKES ANOTHER VEH WHILE EMERGING FROM DRIVEWAY,MEL,40,27,E,11,1,Day,257434,2,2,0,1,0,1,1,5,Not at intersection,3,70,-37.78128,144.864970000000000
381,T20130001006,15/01/2013,15.15.00,1,Collision with vehicle,3,Tuesday,131,LEFT REAR,MEL,40,69,F,4,1,Day,257552,2,2,0,1,0,1,2,2,T intersection,3,60,-37.888,145.089190000000000
382,T20130001007,13/01/2013,20.15.00,2,Struck Pedestrian,1,Sunday,101,PED EMERGES FROM IN FRONT OF PARKED OR STATIONARY VEHICLE,MEL,40,59,F,7,3,Dark Street lights on,259659,1,3,0,1,0,2,2,5,Not at intersection,3,60,-37.85364,145.045590000000000
383,T20130001012,16/01/2013,09.10.00,2,Struck Pedestrian,4,Wednesday,100,PED NEAR SIDE. PED HIT BY VEHICLE FROM THE RIGHT.,MEL,40,2G,F,11,1,Day,37049,1,2,1,0,0,1,1,2,T intersection,2,50,-37.82855,144.988130000000010
384,T20130001015,16/01/2013,06.30.00,6,Vehicle overturned (no collision),4,Wednesday,182,OFF CARRIAGEWAY ON LEFT BEND,VCS,9,578,F,12,2,Dusk/Dawn,267914,1,1,1,0,0,0,1,5,Not at intersection,2,100,-37.6869,143.873629999999990
385,T20130001016,16/01/2013,12.45.00,1,Collision with vehicle,4,Wednesday,120,HEAD ON (NOT OVERTAKING),VCS,9,93,B,9,1,Day,260747,2,3,1,0,0,2,1,5,Not at intersection,2,80,-38.48213,144.028560000000000
386,T20130001017,16/01/2013,10.00.00,1,Collision with vehicle,4,Wednesday,111,RIGHT FAR (INTERSECTIONS ONLY),VCS,9,696,J,7,1,Day,45041,2,2,0,1,0,1,2,1,Cross intersection,3,999,-38.2015,146.544549999999990
387,T20130001018,16/01/2013,09.55.00,1,Collision with vehicle,4,Wednesday,136,RIGHT TURN SIDESWIPE,VCS,9,84,A,7,1,Day,267915,2,3,0,1,0,2,1,5,Not at intersection,3,100,-37.85358,147.541709999999990
388,T20130001021,16/01/2013,04.50.00,4,Collision with a fixed object,4,Wednesday,181,OFF RIGHT BEND INTO OBJECT/PARKED VEHICLE,VCS,9,567,P,8,3,Dark Street lights on,267916,1,1,1,0,0,0,1,5,Not at intersection,2,110,-37.559,143.917260000000000
389,T20130001023,16/01/2013,08.14.00,2,Struck Pedestrian,4,Wednesday,100,PED NEAR SIDE. PED HIT BY VEHICLE FROM THE RIGHT.,MEL,40,42,C,8,1,Day,38778,1,2,0,1,0,1,1,1,Cross intersection,3,60,-37.81438,144.897179999999990
390,T20130001025,15/01/2013,16.30.00,8,No collision and no object struck,3,Tuesday,180,OFF CARRIAGEWAY ON RIGHT BEND,VCS,9,80,C,3,1,Day,114320,1,2,0,1,0,1,2,5,Not at intersection,3,999,-37.59124,145.642169999999990
391,T20130001026,16/01/2013,13.50.00,1,Collision with vehicle,4,Wednesday,110,CROSS TRAFFIC(INTERSECTIONS ONLY),VCS,9,565,Q,7,1,Day,52837,2,3,0,3,0,0,1,1,Cross intersection,3,50,-37.55687,143.816030000000010
392,T20130001027,13/01/2013,17.15.00,1,Collision with vehicle,1,Sunday,131,LEFT REAR,MEL,40,87,B,6,1,Day,35605,2,2,0,1,0,1,2,1,Cross intersection,3,60,-37.98217,145.071350000000000
393,T20130001028,16/01/2013,15.20.00,1,Collision with vehicle,4,Wednesday,110,CROSS TRAFFIC(INTERSECTIONS ONLY),VCS,9,693,S,2,1,Day,52034,2,2,0,1,0,1,1,1,Cross intersection,3,100,-38.08821,147.086000000000010
394,T20130001029,16/01/2013,12.05.00,8,No collision and no object struck,4,Wednesday,174,OUT OF CONTROL ON CARRIAGEWAY (ON STRAIGHT),MEL,40,159,A,10,1,Day,257795,2,2,1,0,0,1,1,5,Not at intersection,2,60,-38.34707,144.931690000000000
395,T20130001030,16/01/2013,13.42.00,8,No collision and no object struck,4,Wednesday,174,OUT OF CONTROL ON CARRIAGEWAY (ON STRAIGHT),VCS,9,565,R,2,1,Day,258340,2,3,1,0,0,2,1,2,T intersection,2,50,-37.53304,143.816900000000000
396,T20130001031,16/01/2013,14.40.00,1,Collision with vehicle,4,Wednesday,132,RIGHT REAR.,VCS,9,93,D,8,1,Day,267918,2,3,0,2,0,1,1,2,T intersection,3,80,-38.43288,144.133990000000010
397,T20130001037,16/01/2013,16.50.00,1,Collision with vehicle,4,Wednesday,130,REAR END(VEHICLES IN SAME LANE),MEL,40,99,F,8,1,Day,43375,3,4,0,1,0,3,2,2,T intersection,3,60,-38.12194,145.134960000000010
398,T20130001039,16/01/2013,17.15.00,1,Collision with vehicle,4,Wednesday,137,LEFT TURN SIDESWIPE,MEL,40,21,F,10,1,Day,267919,3,2,1,0,0,1,1,5,Not at intersection,2,70,-37.73175,145.133770000000000
399,T20130001040,16/01/2013,17.57.00,1,Collision with vehicle,4,Wednesday,121,RIGHT THROUGH,MEL,40,646,B,11,1,Day,49472,2,3,2,0,0,1,1,1,Cross intersection,2,60,-37.4167,144.982059999999990