FID,ACCIDENT_N,ACCIDENTDA,ACCIDENTTI,ACCIDENT_T,Accident_T_1,DAY_OF_WEE,Day_Week_D,DCA_CODE,DCA_Descri,DIRECTORY,EDITION,PAGE,GRID_REFER,GRID_REF_1,LIGHT_COND,Light_Cond_1,NODE_ID,NO_OF_VEHI,NO_PERSONS,NO_PERSO_1,NO_PERSO_2,NO_PERSO_3,NO_PERSO_4,POLICE_ATT,ROAD_GEOME,Road_Geome_1,SEVERITY,SPEED_ZONE,Lat,Long
400,T20130001042,16/01/2013,16.30.00,1,Collision with vehicle,4,Wednesday,121,RIGHT THROUGH,MEL,40,205,H,9,1,Day,44336,2,4,0,1,0,3,1,1,Cross intersection,3,50,-37.90456,144.655499999999990
401,T20130001043,16/01/2013,14.20.00,6,Vehicle overturned (no collision),4,Wednesday,172,OFF CARRIAGEWAY TO RIGHT,VCS,9,85,H,5,1,Day,267920,1,2,0,2,0,0,1,5,Not at intersection,3,100,-37.74583,148.401469999999990
402,T20130001045,16/01/2013,20.00.00,4,Collision with a fixed object,4,Wednesday,181,OFF RIGHT BEND INTO OBJECT/PARKED VEHICLE,VCS,9,77,D,2,2,Dusk/Dawn,267921,1,5,2,3,0,0,1,5,Not at intersection,2,100,-37.52757,144.172720000000000
403,T20130001046,16/01/2013,15.30.00,1,Collision with vehicle,4,Wednesday,154,PULLING OUT -REAR END,MEL,40,80,H,4,1,Day,267922,2,2,0,2,0,0,1,5,Not at intersection,3,100,-37.93176,145.188199999999990
404,T20130001047,16/01/2013,18.00.00,1,Collision with vehicle,4,Wednesday,121,RIGHT THROUGH,MEL,40,79,H,2,1,Day,30002,3,4,1,2,0,1,1,2,T intersection,2,80,-37.9247,145.143589999999990
405,T20130001048,15/01/2013,14.30.00,1,Collision with vehicle,3,Tuesday,130,REAR END(VEHICLES IN SAME LANE),MEL,40,95,K,5,1,Day,53378,2,2,0,2,0,0,2,1,Cross intersection,3,80,-38.02094,145.239120000000010
406,T20130001050,16/01/2013,09.30.00,1,Collision with vehicle,4,Wednesday,134,LANE CHANGE RIGHT (NOT OVERTAKING),MEL,40,80,F,10,1,Day,801,2,2,0,1,0,1,2,2,T intersection,3,80,-37.95362,145.179480000000010
407,T20130001053,16/01/2013,21.30.00,1,Collision with vehicle,4,Wednesday,130,REAR END(VEHICLES IN SAME LANE),MEL,40,2B,B,8,9,Unknown,36210,2,2,0,1,0,1,2,1,Cross intersection,3,50,-37.79972,144.957560000000000
408,T20130001056,16/01/2013,07.45.00,1,Collision with vehicle,4,Wednesday,130,REAR END(VEHICLES IN SAME LANE),MEL,40,2S,H,7,1,Day,257430,2,2,0,1,0,1,2,5,Not at intersection,3,999,-37.79935,144.903510000000010
409,T20130001058,16/01/2013,22.15.00,4,Collision with a fixed object,4,Wednesday,181,OFF RIGHT BEND INTO OBJECT/PARKED VEHICLE,MEL,40,168,G,7,5,Dark No street lights,267923,1,1,1,0,0,0,1,5,Not at intersection,2,50,-38.38225,144.824909999999990
410,T20130001061,15/01/2013,18.30.00,2,Struck Pedestrian,3,Tuesday,102,FAR SIDE. PED HIT BY VEHICLE FROM THE LEFT,MEL,40,2B,B,9,1,Day,53184,1,2,1,0,0,1,1,4,Multiple intersection,2,60,-37.80181,144.957449999999990
411,T20130001062,17/01/2013,07.05.00,1,Collision with vehicle,5,Thursday,116,LEFT NEAR (INTERSECTIONS ONLY),MEL,40,77,J,5,1,Day,42240,2,2,0,2,0,0,1,1,Cross intersection,3,70,-37.93569,145.056240000000000
412,T20130001066,17/01/2013,07.48.00,1,Collision with vehicle,5,Thursday,121,RIGHT THROUGH,MEL,40,29,B,12,1,Day,267924,3,3,0,2,0,1,1,5,Not at intersection,3,50,-37.78437,144.937690000000000
413,T20130001067,16/01/2013,18.00.00,4,Collision with a fixed object,4,Wednesday,181,OFF RIGHT BEND INTO OBJECT/PARKED VEHICLE,VCS,9,21,E,5,1,Day,267925,1,1,1,0,0,0,1,5,Not at intersection,2,100,-35.71093,144.224780000000010
414,T20130001068,16/01/2013,15.05.00,1,Collision with vehicle,4,Wednesday,131,LEFT REAR,MEL,40,168,K,4,1,Day,1114,2,2,1,0,0,1,1,2,T intersection,2,60,-38.37076,144.841109999999990
415,T20130001069,17/01/2013,09.30.00,1,Collision with vehicle,5,Thursday,121,RIGHT THROUGH,MEL,40,33,J,11,1,Day,38354,2,2,0,1,0,1,1,1,Cross intersection,3,60,-37.78035,145.144800000000000
416,T20130001071,17/01/2013,10.45.00,1,Collision with vehicle,5,Thursday,116,LEFT NEAR (INTERSECTIONS ONLY),MEL,40,37,K,12,1,Day,64653,2,2,1,0,0,1,1,2,T intersection,2,50,-37.7856,145.329640000000010
417,T20130001078,16/01/2013,07.45.00,1,Collision with vehicle,4,Wednesday,130,REAR END(VEHICLES IN SAME LANE),MEL,40,182,B,6,1,Day,267926,2,2,0,1,0,1,2,5,Not at intersection,3,60,-37.63217,145.027250000000010
418,T20130001082,17/01/2013,12.05.00,4,Collision with a fixed object,5,Thursday,171,LEFT OFF CARRIAGEWAY INTO OBJECT/PARKED VEHICLE,MEL,40,68,J,8,1,Day,267927,1,1,1,0,0,0,1,5,Not at intersection,2,50,-37.90311,145.059169999999990
419,T20130001084,16/01/2013,16.25.00,1,Collision with vehicle,4,Wednesday,121,RIGHT THROUGH,MEL,40,60,G,11,1,Day,40595,2,2,0,1,0,1,2,2,T intersection,3,80,-37.86889,145.092360000000010
420,T20130001087,17/01/2013,12.30.00,4,Collision with a fixed object,5,Thursday,173,RIGHT OFF CARRIAGEWAY INTO OBJECT/PARKED VEHICLE,MEL,40,30,E,12,1,Day,81798,1,1,0,1,0,0,1,5,Not at intersection,3,60,-37.78334,144.996240000000000
421,T20130001091,17/01/2013,09.10.00,1,Collision with vehicle,5,Thursday,121,RIGHT THROUGH,MEL,40,19,A,8,1,Day,53961,2,2,0,1,0,1,1,4,Multiple intersection,3,70,-37.72525,145.023230000000010
422,T20130001092,17/01/2013,11.00.00,1,Collision with vehicle,4,Thursday,133,LANE SIDE SWIPE (VEHICLES IN PARALLEL LANES),MEL,40,15,D,3,1,Day,277405,2,2,0,1,0,1,1,2,T intersection,3,80,-37.70606,144.860790000000010
423,T20130001100,17/01/2013,13.36.00,2,Struck Pedestrian,5,Thursday,102,FAR SIDE. PED HIT BY VEHICLE FROM THE LEFT,MEL,40,382,D,4,1,Day,43695,1,3,0,2,0,1,1,1,Cross intersection,3,60,-37.58079,144.724999999999990
424,T20130001102,17/01/2013,12.50.00,1,Collision with vehicle,5,Thursday,160,VEHICLE COLLIDES WITH VEHICLE PARKED ON LEFT OF ROAD,MEL,40,63,D,10,1,Day,267928,2,2,1,1,0,0,1,5,Not at intersection,2,100,-37.86698,145.211130000000000
425,T20130001107,17/01/2013,13.35.00,1,Collision with vehicle,5,Thursday,130,REAR END(VEHICLES IN SAME LANE),MEL,40,456,K,6,1,Day,50024,3,4,0,3,0,1,1,2,T intersection,3,60,-38.15894,144.573569999999990
426,T20130001109,17/01/2013,16.55.00,8,No collision and no object struck,5,Thursday,174,OUT OF CONTROL ON CARRIAGEWAY (ON STRAIGHT),MEL,40,432,A,12,1,Day,71386,1,1,0,1,0,0,1,2,T intersection,3,50,-38.08912,144.355700000000010
427,T20130001110,17/01/2013,18.06.00,1,Collision with vehicle,5,Thursday,110,CROSS TRAFFIC(INTERSECTIONS ONLY),MEL,40,104,G,10,3,Dark Street lights on,29742,2,4,0,1,0,3,1,1,Cross intersection,3,60,-38.21742,145.048000000000000
428,T20130001112,17/01/2013,17.38.00,1,Collision with vehicle,5,Thursday,121,RIGHT THROUGH,MEL,40,45,B,7,1,Day,38883,2,2,0,1,0,1,1,1,Cross intersection,3,60,-37.81016,145.026320000000000
429,T20130001114,17/01/2013,18.37.00,1,Collision with vehicle,5,Thursday,135,LANE CHANGE LEFT (NOT OVERTAKING),MEL,40,28,J,9,1,Day,257301,2,2,0,2,0,0,1,1,Cross intersection,3,60,-37.77306,144.927060000000010
430,T20130001116,17/01/2013,06.40.00,1,Collision with vehicle,5,Thursday,135,LANE CHANGE LEFT (NOT OVERTAKING),MEL,40,6,C,12,1,Day,257346,2,2,0,2,0,0,2,5,Not at intersection,3,80,-37.69745,144.898869999999990
431,T20130001123,17/01/2013,07.50.00,1,Collision with vehicle,5,Thursday,130,REAR END(VEHICLES IN SAME LANE),MEL,40,69,C,10,1,Day,258103,2,3,1,0,0,2,1,5,Not at intersection,2,60,-37.90856,145.077630000000000
432,T20130001126,18/01/2013,01.30.00,4,Collision with a fixed object,6,Friday,171,LEFT OFF CARRIAGEWAY INTO OBJECT/PARKED VEHICLE,MEL,40,9,H,3,3,Dark Street lights on,258947,1,1,1,0,0,0,1,5,Not at intersection,2,70,-37.66255,145.053930000000010
433,T20130001128,18/01/2013,03.00.00,3,Struck animal,6,Friday,167,STRUCK ANIMAL,VCS,9,41,B,9,5,Dark No street lights,267929,1,1,1,0,0,0,1,5,Not at intersection,2,100,-36.94564,142.564809999999990
434,T20130001129,18/01/2013,04.00.00,6,Vehicle overturned (no collision),5,Friday,179,OTHER ACCIDENTS-OFF STRAIGHT NOT INCLUDED IN DCAs 170-175,MEL,40,360,K,3,3,Dark Street lights on,279018,1,2,2,0,0,0,1,5,Not at intersection,2,60,-37.79526,144.753840000000000
435,T20130001134,18/01/2013,07.50.00,1,Collision with vehicle,6,Friday,135,LANE CHANGE LEFT (NOT OVERTAKING),MEL,40,131,B,3,1,Day,55066,2,2,0,1,0,1,1,2,T intersection,3,80,-38.05764,145.338619999999990
436,T20130001135,18/01/2013,07.56.00,1,Collision with vehicle,6,Friday,120,HEAD ON (NOT OVERTAKING),MEL,40,338,F,8,1,Day,267930,3,3,1,2,0,0,1,5,Not at intersection,2,90,-37.68118,144.648320000000010
437,T20130001136,17/01/2013,16.50.00,1,Collision with vehicle,5,Thursday,121,RIGHT THROUGH,MEL,40,129,J,11,1,Day,43858,2,3,0,2,0,1,1,2,T intersection,3,80,-38.08709,145.278580000000010
438,T20130001139,18/01/2013,09.25.00,4,Collision with a fixed object,6,Friday,171,LEFT OFF CARRIAGEWAY INTO OBJECT/PARKED VEHICLE,MEL,40,89,C,9,1,Day,267931,1,1,1,0,0,0,1,5,Not at intersection,2,60,-37.99338,145.163080000000010
439,T20130001144,17/01/2013,18.10.00,1,Collision with vehicle,5,Thursday,110,CROSS TRAFFIC(INTERSECTIONS ONLY),MEL,40,2G,F,4,1,Day,37041,2,2,0,2,0,0,1,1,Cross intersection,3,50,-37.81442,144.988180000000000
440,T20130001145,18/01/2013,08.25.00,4,Collision with a fixed object,6,Friday,173,RIGHT OFF CARRIAGEWAY INTO OBJECT/PARKED VEHICLE,VCS,9,104,F,3,1,Day,262960,1,2,2,0,0,0,1,5,Not at intersection,2,100,-38.56612,146.794520000000010
441,T20130001146,18/01/2013,12.25.00,1,Collision with vehicle,6,Friday,130,REAR END(VEHICLES IN SAME LANE),MEL,40,100,E,2,1,Day,58010,2,3,1,0,0,2,1,1,Cross intersection,2,80,-38.09944,145.172500000000010
442,T20130001147,18/01/2013,13.04.00,1,Collision with vehicle,6,Friday,130,REAR END(VEHICLES IN SAME LANE),VCS,9,613,T,1,1,Day,257344,2,3,0,2,0,1,1,5,Not at intersection,3,60,-36.79094,144.284760000000010
443,T20130001148,18/01/2013,10.20.00,1,Collision with vehicle,6,Friday,121,RIGHT THROUGH,MEL,40,111,C,7,1,Day,977,2,3,0,1,0,2,1,1,Cross intersection,3,60,-38.03089,145.344020000000000
444,T20130001150,17/01/2013,19.15.00,1,Collision with vehicle,5,Thursday,130,REAR END(VEHICLES IN SAME LANE),MEL,40,90,E,12,2,Dusk/Dawn,267932,2,2,1,0,0,1,1,5,Not at intersection,2,80,-38.00496,145.217279999999990
445,T20130001153,18/01/2013,10.35.00,1,Collision with vehicle,5,Friday,147,VEHICLE STRIKES ANOTHER VEH WHILE EMERGING FROM DRIVEWAY,MEL,40,49,H,8,1,Day,35856,2,2,1,1,0,0,1,5,Not at intersection,2,60,-37.8127,145.230780000000010
446,T20130001154,18/01/2013,12.20.00,4,Collision with a fixed object,6,Friday,179,OTHER ACCIDENTS-OFF STRAIGHT NOT INCLUDED IN DCAs 170-175,MEL,40,442,A,10,1,Day,267934,1,2,0,2,0,0,1,5,Not at intersection,3,40,-38.12759,144.354809999999990
447,T20130001155,17/01/2013,08.40.00,1,Collision with vehicle,4,Thursday,135,LANE CHANGE LEFT (NOT OVERTAKING),MEL,40,1A,G,1,1,Day,258507,2,2,0,1,0,1,2,2,T intersection,3,999,-37.81143,144.957550000000000
448,T20130001156,18/01/2013,13.55.00,2,Struck Pedestrian,6,Friday,102,FAR SIDE. PED HIT BY VEHICLE FROM THE LEFT,MEL,40,58,K,7,1,Day,40220,1,2,1,0,0,1,1,1,Cross intersection,2,60,-37.85531,145.019070000000000
449,T20130001158,18/01/2013,14.05.00,1,Collision with vehicle,6,Friday,113,RIGHT NEAR (INTERSECTIONS ONLY),VCS,9,414,E,1,1,Day,19536,2,3,1,2,0,0,1,2,T intersection,2,100,-37.23699,144.419780000000000
450,T20130001159,18/01/2013,14.25.00,1,Collision with vehicle,6,Friday,121,RIGHT THROUGH,MEL,40,202,A,11,1,Day,13900,2,2,1,0,0,1,1,1,Cross intersection,2,70,-37.86842,144.665680000000010
451,T20130001162,18/01/2013,14.00.00,4,Collision with a fixed object,6,Friday,181,OFF RIGHT BEND INTO OBJECT/PARKED VEHICLE,VCS,9,61,F,4,1,Day,267935,1,2,1,0,0,1,1,5,Not at intersection,2,100,-37.17771,145.286859999999990
452,T20130001163,16/01/2013,22.45.00,8,No collision and no object struck,4,Wednesday,174,OUT OF CONTROL ON CARRIAGEWAY (ON STRAIGHT),MEL,40,6,G,7,6,Dark Street lights unknown,267936,1,1,0,1,0,0,2,5,Not at intersection,3,60,-37.6803,144.917170000000000
453,T20130001164,18/01/2013,16.30.00,1,Collision with vehicle,6,Friday,163,VEHICLE STRIKES DOOR OF PARKED/STATIONARY VEHICLE,MEL,40,2K,K,4,1,Day,230630,2,4,0,2,0,2,2,2,T intersection,3,40,-37.83693,144.975609999999990
454,T20130001170,18/01/2013,17.00.00,1,Collision with vehicle,6,Friday,130,REAR END(VEHICLES IN SAME LANE),MEL,40,17,B,11,1,Day,42085,4,6,0,1,0,5,1,2,T intersection,3,60,-37.73855,144.940350000000000
455,T20130001172,18/01/2013,17.00.00,1,Collision with vehicle,6,Friday,130,REAR END(VEHICLES IN SAME LANE),MEL,40,32,D,11,1,Day,45925,5,8,2,5,1,0,1,1,Cross intersection,1,60,-37.78096,145.078520000000000
456,T20130001176,18/01/2013,16.30.00,4,Collision with a fixed object,6,Friday,181,OFF RIGHT BEND INTO OBJECT/PARKED VEHICLE,MEL,40,167,K,7,1,Day,49125,1,1,0,1,0,0,1,2,T intersection,3,80,-38.37975,144.793610000000000
457,T20130001177,18/01/2013,18.55.00,1,Collision with vehicle,6,Friday,113,RIGHT NEAR (INTERSECTIONS ONLY),VCS,9,599,N,5,1,Day,58895,2,2,0,2,0,0,1,2,T intersection,3,60,-36.31918,145.045580000000000
458,T20130001182,18/01/2013,18.05.00,1,Collision with vehicle,6,Friday,132,RIGHT REAR.,MEL,40,93,D,12,1,Day,36231,2,2,0,1,0,1,1,2,T intersection,3,60,-38.04829,145.122510000000010
459,T20130001184,16/01/2013,15.00.00,1,Collision with vehicle,4,Wednesday,111,RIGHT FAR (INTERSECTIONS ONLY),MEL,40,28,D,8,1,Day,45283,2,2,0,1,0,1,2,1,Cross intersection,3,60,-37.7704,144.904079999999990
460,T20130001185,18/01/2013,18.42.00,1,Collision with vehicle,6,Friday,130,REAR END(VEHICLES IN SAME LANE),MEL,40,99,E,5,1,Day,43360,3,3,2,0,0,1,1,1,Cross intersection,2,60,-38.11041,145.129719999999990
461,T20130001188,18/01/2013,20.45.00,4,Collision with a fixed object,6,Friday,175,OFF END OF ROAD/T-INTERSECTION.,VCS,9,661,O,4,2,Dusk/Dawn,257799,1,1,1,0,0,0,1,2,T intersection,2,50,-36.7334,146.960140000000000
462,T20130001190,18/01/2013,18.55.00,1,Collision with vehicle,6,Friday,133,LANE SIDE SWIPE (VEHICLES IN PARALLEL LANES),MEL,40,386,K,10,1,Day,257349,2,2,0,0,1,1,1,5,Not at intersection,1,60,-37.60174,144.929520000000000
463,T20130001195,18/01/2013,23.15.00,1,Collision with vehicle,6,Friday,121,RIGHT THROUGH,MEL,40,17,H,8,3,Dark Street lights on,851,2,4,0,1,0,3,1,1,Cross intersection,3,60,-37.72746,144.963680000000010
464,T20130001201,19/01/2013,02.25.00,1,Collision with vehicle,7,Saturday,121,RIGHT THROUGH,MEL,40,2E,J,1,3,Dark Street lights on,29413,2,2,0,1,0,1,1,1,Cross intersection,3,60,-37.81013,144.949990000000010
465,T20130001202,19/01/2013,02.30.00,2,Struck Pedestrian,7,Saturday,103,PED PLAYING/LYING/WORKING/STANDING ON CARRIAGEWAY.,MEL,40,13,E,8,3,Dark Street lights on,258174,1,2,0,1,0,1,1,5,Not at intersection,3,60,-37.72656,144.772969999999990
466,T20130001205,18/01/2013,11.35.00,4,Collision with a fixed object,6,Friday,173,RIGHT OFF CARRIAGEWAY INTO OBJECT/PARKED VEHICLE,VCS,9,69,C,7,1,Day,257448,1,1,1,0,0,0,1,5,Not at intersection,2,100,-37.56635,149.091810000000010
467,T20130001207,19/01/2013,07.25.00,1,Collision with vehicle,7,Saturday,120,HEAD ON (NOT OVERTAKING),MEL,40,66,G,10,1,Day,257300,2,3,1,0,0,2,1,2,T intersection,2,60,-37.86358,145.360449999999990
468,T20130001216,19/01/2013,12.10.00,1,Collision with vehicle,7,Saturday,110,CROSS TRAFFIC(INTERSECTIONS ONLY),MEL,40,18,D,11,1,Day,43718,2,5,1,1,0,3,1,1,Cross intersection,2,60,-37.73903,144.989920000000010
469,T20130001217,19/01/2013,13.00.00,1,Collision with vehicle,7,Saturday,147,VEHICLE STRIKES ANOTHER VEH WHILE EMERGING FROM DRIVEWAY,MEL,40,206,J,2,1,Day,267937,2,2,0,1,0,1,1,5,Not at intersection,3,70,-37.88046,144.701100000000000
470,T20130001218,19/01/2013,12.10.00,4,Collision with a fixed object,7,Saturday,146,REVERSING INTO FIXED OBJECT/PARKED VEHICLE,MEL,40,29,K,2,1,Day,257452,1,1,1,0,0,0,1,5,Not at intersection,2,50,-37.74778,144.974099999999990
471,T20130001219,18/01/2013,15.10.00,1,Collision with vehicle,6,Friday,110,CROSS TRAFFIC(INTERSECTIONS ONLY),VCS,9,684,C,9,1,Day,227526,2,3,0,2,0,1,1,1,Cross intersection,3,60,-37.70571,148.463609999999990
472,T20130001225,19/01/2013,12.48.00,1,Collision with vehicle,7,Saturday,113,RIGHT NEAR (INTERSECTIONS ONLY),VCS,9,47,D,4,1,Day,256462,2,7,3,0,0,4,1,1,Cross intersection,2,100,-36.64537,145.728880000000000
473,T20130001226,19/01/2013,14.22.00,1,Collision with vehicle,7,Saturday,113,RIGHT NEAR (INTERSECTIONS ONLY),MEL,40,96,G,7,1,Day,35762,2,3,1,1,0,1,1,2,T intersection,2,60,-38.02894,145.272340000000010
474,T20130001227,19/01/2013,16.31.00,1,Collision with vehicle,7,Saturday,116,LEFT NEAR (INTERSECTIONS ONLY),MEL,40,86,J,1,1,Day,42745,2,2,0,1,0,1,1,2,T intersection,3,80,-37.96444,145.056909999999990
475,T20130001229,19/01/2013,13.00.00,1,Collision with vehicle,7,Saturday,120,HEAD ON (NOT OVERTAKING),VCS,9,419,H,11,1,Day,267938,2,2,1,0,0,1,1,5,Not at intersection,2,100,-37.42703,145.516210000000000
476,T20130001230,19/01/2013,17.30.00,1,Collision with vehicle,7,Saturday,110,CROSS TRAFFIC(INTERSECTIONS ONLY),VCS,9,514,J,6,1,Day,50672,2,3,1,1,0,1,1,1,Cross intersection,2,70,-38.37365,142.477560000000010
477,T20130001234,19/01/2013,17.00.00,1,Collision with vehicle,7,Saturday,121,RIGHT THROUGH,MEL,40,11,H,9,1,Day,48598,2,3,0,2,0,1,1,1,Cross intersection,3,60,-37.68677,145.142940000000010
478,T20130001235,19/01/2013,17.40.00,1,Collision with vehicle,7,Saturday,154,PULLING OUT -REAR END,MEL,40,26,J,10,1,Day,257446,3,3,0,1,0,2,1,5,Not at intersection,3,70,-37.77812,144.837459999999990
479,T20130001236,19/01/2013,19.05.00,6,Vehicle overturned (no collision),7,Saturday,184,OUT OF CONTROL ON CARRIAGEWAY (ON BEND),VCS,9,87,J,5,1,Day,258345,1,1,1,0,0,0,1,5,Not at intersection,2,100,-38.23394,141.452589999999990
480,T20130001240,19/01/2013,17.20.00,1,Collision with vehicle,7,Saturday,120,HEAD ON (NOT OVERTAKING),VCS,9,62,F,6,1,Day,267939,2,3,2,0,1,0,1,5,Not at intersection,1,100,-37.25833,145.851429999999990
481,T20130001243,18/01/2013,22.30.00,2,Struck Pedestrian,6,Friday,104,PED WALKING WITH TRAFFIC,MEL,40,308,E,7,5,Dark No street lights,267940,1,2,1,0,0,1,1,5,Not at intersection,2,100,-37.85244,145.529290000000000
482,T20130001245,19/01/2013,18.45.00,2,Struck Pedestrian,7,Saturday,100,PED NEAR SIDE. PED HIT BY VEHICLE FROM THE RIGHT.,MEL,40,168,H,4,1,Day,1110,1,3,0,1,0,2,1,2,T intersection,3,50,-38.37106,144.830860000000000
483,T20130001247,19/01/2013,18.45.00,1,Collision with vehicle,7,Saturday,110,CROSS TRAFFIC(INTERSECTIONS ONLY),MEL,40,193,B,10,1,Day,257630,2,4,0,2,0,2,1,1,Cross intersection,3,40,-38.39283,145.116940000000000
484,T20130001248,19/01/2013,18.45.00,1,Collision with vehicle,7,Saturday,143,ENTERING PARKING,VCS,9,596,H,6,1,Day,267941,2,2,0,1,0,1,2,5,Not at intersection,3,50,-36.12412,144.747019999999990
485,T20130001251,19/01/2013,19.35.00,1,Collision with vehicle,7,Saturday,134,LANE CHANGE RIGHT (NOT OVERTAKING),MEL,40,89,G,2,1,Day,42952,3,11,2,1,0,8,1,2,T intersection,2,60,-37.96608,145.182310000000000
486,T20130001254,19/01/2013,17.00.00,2,Struck Pedestrian,7,Saturday,106,VEH STRIKES PED ON FOOTPATH/MEDIAN/TRAFFIC ISLAND.,MEL,40,29,A,10,1,Day,64287,1,3,1,0,0,2,1,3,Y intersection,2,50,-37.77753,144.934949999999990
487,T20130001259,19/01/2013,21.45.00,1,Collision with vehicle,7,Saturday,113,RIGHT NEAR (INTERSECTIONS ONLY),MEL,40,7,G,11,3,Dark Street lights on,10801,3,4,1,0,0,3,1,1,Cross intersection,2,80,-37.6919,144.958350000000000
488,T20130001262,20/01/2013,01.22.00,2,Struck Pedestrian,1,Sunday,102,FAR SIDE. PED HIT BY VEHICLE FROM THE LEFT,MEL,40,51,F,10,3,Dark Street lights on,260551,3,6,1,0,0,5,1,5,Not at intersection,2,70,-37.82045,145.308269999999990
489,T20130001269,20/01/2013,01.15.00,4,Collision with a fixed object,1,Sunday,171,LEFT OFF CARRIAGEWAY INTO OBJECT/PARKED VEHICLE,VCS,9,415,B,13,5,Dark No street lights,267943,1,1,1,0,0,0,1,5,Not at intersection,2,90,-37.44849,144.572930000000010
490,T20130001270,20/01/2013,04.15.00,2,Struck Pedestrian,1,Sunday,109,ANY MANOEUVRE INVOLVING PED NOT INCLUDED IN DCAs 100-108.,MEL,40,53,F,12,3,Dark Street lights on,267944,1,2,0,1,0,1,1,5,Not at intersection,3,50,-37.87186,144.777510000000010
491,T20130001271,19/01/2013,13.50.00,1,Collision with vehicle,7,Saturday,120,HEAD ON (NOT OVERTAKING),VCS,9,83,C,9,1,Day,52369,4,7,1,3,0,3,1,2,T intersection,2,100,-37.98207,147.071940000000010
492,T20130001273,19/01/2013,09.10.00,6,Vehicle overturned (no collision),7,Saturday,180,OFF CARRIAGEWAY ON RIGHT BEND,VCS,9,96,E,8,1,Day,267945,1,1,0,1,0,0,1,5,Not at intersection,3,100,-38.42289,145.795729999999990
493,T20130001276,19/01/2013,10.40.00,2,Struck Pedestrian,7,Saturday,102,FAR SIDE. PED HIT BY VEHICLE FROM THE LEFT,VCS,9,709,P,8,1,Day,267946,1,2,0,1,0,1,1,5,Not at intersection,3,50,-38.43237,145.824060000000000
494,T20130001277,19/01/2013,10.20.00,4,Collision with a fixed object,7,Saturday,173,RIGHT OFF CARRIAGEWAY INTO OBJECT/PARKED VEHICLE,VCS,9,99,B,2,1,Day,267947,1,1,1,0,0,0,1,5,Not at intersection,2,100,-38.02974,147.058310000000010
495,T20130001280,20/01/2013,09.45.00,8,No collision and no object struck,1,Sunday,170,OFF CARRIAGEWAY TO LEFT,MEL,40,24,A,5,1,Day,267948,2,2,1,0,0,1,1,5,Not at intersection,2,100,-37.71366,145.244470000000010
496,T20130001281,20/01/2013,10.30.00,3,Struck animal,1,Sunday,167,STRUCK ANIMAL,VCS,9,44,E,7,1,Day,257302,1,1,1,0,0,0,1,5,Not at intersection,2,100,-36.86886,144.218840000000000
497,T20130001282,20/01/2013,09.50.00,8,No collision and no object struck,1,Sunday,180,OFF CARRIAGEWAY ON RIGHT BEND,VCS,9,80,B,8,1,Day,257445,1,1,1,0,0,0,1,5,Not at intersection,2,100,-37.89995,145.593690000000010
498,T20130001283,20/01/2013,12.18.00,1,Collision with vehicle,1,Sunday,135,LANE CHANGE LEFT (NOT OVERTAKING),MEL,40,72,J,8,1,Day,257633,2,2,1,0,0,1,1,5,Not at intersection,2,80,-37.90343,145.236160000000010
499,T20130001284,20/01/2013,11.06.00,1,Collision with vehicle,1,Sunday,147,VEHICLE STRIKES ANOTHER VEH WHILE EMERGING FROM DRIVEWAY,MEL,40,77,H,12,1,Day,221904,4,5,2,0,0,3,1,5,Not at intersection,2,80,-37.95903,145.053059999999990
500,T20130001285,20/01/2013,11.33.00,1,Collision with vehicle,1,Sunday,130,REAR END(VEHICLES IN SAME LANE),MEL,40,79,H,2,1,Day,30002,3,4,0,1,0,3,1,2,T intersection,3,80,-37.9247,145.143589999999990