FID,ACCIDENT_N,ACCIDENTDA,ACCIDENTTI,ACCIDENT_T,Accident_T_1,DAY_OF_WEE,Day_Week_D,DCA_CODE,DCA_Descri,DIRECTORY,EDITION,PAGE,GRID_REFER,GRID_REF_1,LIGHT_COND,Light_Cond_1,NODE_ID,NO_OF_VEHI,NO_PERSONS,NO_PERSO_1,NO_PERSO_2,NO_PERSO_3,NO_PERSO_4,POLICE_ATT,ROAD_GEOME,Road_Geome_1,SEVERITY,SPEED_ZONE,Lat,Long
501,T20130001288,19/01/2013,22.00.00,1,Collision with vehicle,7,Saturday,111,RIGHT FAR (INTERSECTIONS ONLY),MEL,40,731,J,6,5,Dark No street lights,56390,2,12,2,8,0,2,1,1,Cross intersection,2,100,-38.49657,145.220130000000010
502,T20130001290,20/01/2013,08.35.00,1,Collision with vehicle,1,Sunday,110,CROSS TRAFFIC(INTERSECTIONS ONLY),VCS,9,523,O,9,1,Day,258416,2,3,0,3,0,0,1,1,Cross intersection,3,60,-38.10079,144.058290000000000
503,T20130001291,20/01/2013,08.55.00,4,Collision with a fixed object,1,Sunday,171,LEFT OFF CARRIAGEWAY INTO OBJECT/PARKED VEHICLE,MEL,40,286,G,11,1,Day,267949,1,3,2,1,0,0,1,5,Not at intersection,2,80,-37.78033,145.533899999999990
504,T20130001292,20/01/2013,06.37.00,1,Collision with vehicle,1,Sunday,120,HEAD ON (NOT OVERTAKING),VCS,9,49,F,5,2,Dusk/Dawn,267950,2,2,0,2,0,0,1,5,Not at intersection,3,80,-36.70273,146.835070000000000
505,T20130001293,20/01/2013,14.15.00,1,Collision with vehicle,1,Sunday,131,LEFT REAR,MEL,40,270,K,6,1,Day,257632,3,6,1,0,0,5,1,2,T intersection,2,80,-37.64629,145.556690000000000
506,T20130001297,5/01/2013,17.00.00,1,Collision with vehicle,7,Saturday,130,REAR END(VEHICLES IN SAME LANE),MEL,40,465,C,5,1,Day,223827,2,2,0,1,0,1,2,1,Cross intersection,3,60,-38.19689,144.318700000000010
507,T20130001298,17/01/2013,13.10.00,1,Collision with vehicle,5,Thursday,142,LEAVING PARKING,MEL,40,2P,G,5,1,Day,267951,2,2,0,1,0,1,1,5,Not at intersection,3,50,-37.86127,144.990160000000000
508,T20130001299,18/01/2013,11.00.00,4,Collision with a fixed object,6,Friday,181,OFF RIGHT BEND INTO OBJECT/PARKED VEHICLE,VCS,9,58,A,6,1,Day,267952,1,1,0,1,0,0,2,5,Not at intersection,3,100,-37.30211,143.503410000000000
509,T20130001300,20/01/2013,15.10.00,6,Vehicle overturned (no collision),1,Sunday,182,OFF CARRIAGEWAY ON LEFT BEND,VCS,9,415,C,7,1,Day,257874,1,1,1,0,0,0,1,5,Not at intersection,2,100,-37.34816,144.605629999999990
510,T20130001302,20/01/2013,14.00.00,1,Collision with vehicle,1,Sunday,130,REAR END(VEHICLES IN SAME LANE),MEL,40,206,D,1,1,Day,257443,3,4,0,1,0,3,2,5,Not at intersection,3,70,-37.87771,144.682870000000010
511,T20130001307,20/01/2013,17.30.00,4,Collision with a fixed object,1,Sunday,171,LEFT OFF CARRIAGEWAY INTO OBJECT/PARKED VEHICLE,MEL,40,16,J,2,1,Day,257631,1,1,1,0,0,0,1,5,Not at intersection,2,60,-37.70561,144.922850000000010
512,T20130001309,8/01/2013,16.25.00,1,Collision with vehicle,3,Tuesday,147,VEHICLE STRIKES ANOTHER VEH WHILE EMERGING FROM DRIVEWAY,MEL,40,465,J,5,1,Day,72663,2,2,0,1,0,1,2,2,T intersection,3,60,-38.19615,144.346589999999990
513,T20130001311,19/01/2013,18.12.00,1,Collision with vehicle,7,Saturday,110,CROSS TRAFFIC(INTERSECTIONS ONLY),MEL,40,78,A,4,1,Day,69726,2,4,0,4,0,0,1,1,Cross intersection,3,50,-37.93299,145.068270000000010
514,T20130001312,19/01/2013,20.00.00,2,Struck Pedestrian,7,Saturday,109,ANY MANOEUVRE INVOLVING PED NOT INCLUDED IN DCAs 100-108.,VCS,9,565,U,7,2,Dusk/Dawn,267953,1,2,0,1,0,1,2,5,Not at intersection,3,50,-37.55958,143.838169999999990
515,T20130001313,20/01/2013,16.14.00,1,Collision with vehicle,1,Sunday,147,VEHICLE STRIKES ANOTHER VEH WHILE EMERGING FROM DRIVEWAY,MEL,40,77,H,12,1,Day,221904,2,3,0,1,0,2,1,5,Not at intersection,3,80,-37.95903,145.053059999999990
516,T20130001315,20/01/2013,19.35.00,1,Collision with vehicle,1,Sunday,111,RIGHT FAR (INTERSECTIONS ONLY),MEL,40,145,F,6,1,Day,55512,2,2,0,1,0,1,1,1,Cross intersection,3,50,-38.24628,145.045970000000010
517,T20130001317,20/01/2013,20.45.00,4,Collision with a fixed object,1,Sunday,181,OFF RIGHT BEND INTO OBJECT/PARKED VEHICLE,MEL,40,335,C,8,2,Dusk/Dawn,267954,1,1,1,0,0,0,1,5,Not at intersection,2,80,-37.68093,144.500249999999990
518,T20130001320,20/01/2013,22.40.00,4,Collision with a fixed object,1,Sunday,171,LEFT OFF CARRIAGEWAY INTO OBJECT/PARKED VEHICLE,VCS,9,696,J,6,3,Dark Street lights on,56155,1,3,1,0,0,2,1,1,Cross intersection,2,60,-38.19646,146.541040000000010
519,T20130001321,20/01/2013,19.40.00,1,Collision with vehicle,1,Sunday,110,CROSS TRAFFIC(INTERSECTIONS ONLY),MEL,40,401,A,7,1,Day,257635,2,3,0,1,0,2,1,1,Cross intersection,3,50,-38.15299,144.344860000000010
520,T20130001322,21/01/2013,01.14.00,1,Collision with vehicle,2,Monday,130,REAR END(VEHICLES IN SAME LANE),VCS,9,61,C,4,5,Dark No street lights,267955,2,2,1,0,0,1,1,5,Not at intersection,2,110,-37.14866,145.080919999999990
521,T20130001324,21/01/2013,02.18.00,4,Collision with a fixed object,2,Monday,173,RIGHT OFF CARRIAGEWAY INTO OBJECT/PARKED VEHICLE,MEL,40,83,K,9,5,Dark No street lights,267956,1,1,1,0,0,0,1,5,Not at intersection,2,90,-37.94912,145.327810000000000
522,T20130001329,20/01/2013,12.44.00,1,Collision with vehicle,1,Sunday,116,LEFT NEAR (INTERSECTIONS ONLY),MEL,40,145,D,11,1,Day,43979,2,2,1,1,0,0,1,2,T intersection,2,80,-38.26484,145.037319999999990
523,T20130001330,20/01/2013,19.00.00,1,Collision with vehicle,1,Sunday,147,VEHICLE STRIKES ANOTHER VEH WHILE EMERGING FROM DRIVEWAY,MEL,40,50,D,4,1,Day,257697,2,2,0,1,0,1,1,5,Not at intersection,3,50,-37.79964,145.255950000000010
524,T20130001331,19/01/2013,18.00.00,1,Collision with vehicle,7,Saturday,113,RIGHT NEAR (INTERSECTIONS ONLY),VCS,9,96,H,4,1,Day,257103,2,3,0,2,1,0,1,2,T intersection,1,100,-38.15792,145.981130000000010
525,T20130001333,20/01/2013,09.00.00,2,Struck Pedestrian,1,Sunday,100,PED NEAR SIDE. PED HIT BY VEHICLE FROM THE RIGHT.,MEL,40,45,J,12,1,Day,39052,1,2,0,2,0,0,2,2,T intersection,3,50,-37.82829,145.058390000000000
526,T20130001336,21/01/2013,08.51.00,1,Collision with vehicle,2,Monday,140,U TURN,MEL,40,1B,N,10,1,Day,217675,2,2,0,1,0,1,1,5,Not at intersection,3,40,-37.81729,144.967989999999990
527,T20130001337,21/01/2013,09.18.00,1,Collision with vehicle,2,Monday,113,RIGHT NEAR (INTERSECTIONS ONLY),MEL,40,105,B,8,1,Day,72780,2,4,0,1,0,3,1,2,T intersection,3,90,-38.20905,145.071280000000000
528,T20130001339,21/01/2013,09.35.00,1,Collision with vehicle,2,Monday,120,HEAD ON (NOT OVERTAKING),MEL,40,121,K,5,1,Day,267957,2,3,1,1,0,1,1,5,Not at intersection,2,60,-37.80188,145.462780000000010
529,T20130001340,21/01/2013,09.55.00,1,Collision with vehicle,2,Monday,130,REAR END(VEHICLES IN SAME LANE),MEL,40,2C,K,10,1,Day,258007,2,2,0,1,0,1,1,5,Not at intersection,3,50,-37.80344,144.997109999999990
530,T20130001341,21/01/2013,09.08.00,1,Collision with vehicle,2,Monday,116,LEFT NEAR (INTERSECTIONS ONLY),MEL,40,468,E,3,1,Day,259211,2,3,1,0,0,2,1,2,T intersection,2,70,-38.18852,144.462179999999990
531,T20130001344,21/01/2013,11.20.00,4,Collision with a fixed object,2,Monday,171,LEFT OFF CARRIAGEWAY INTO OBJECT/PARKED VEHICLE,VCS,9,47,D,9,1,Day,258111,1,4,0,4,0,0,1,5,Not at intersection,3,100,-36.98389,145.728060000000000
532,T20130001346,21/01/2013,10.10.00,1,Collision with vehicle,2,Monday,132,RIGHT REAR.,VCS,9,45,A,3,1,Day,59405,2,7,1,1,0,5,1,2,T intersection,2,60,-36.61616,144.501859999999990
533,T20130001351,20/01/2013,20.36.00,1,Collision with vehicle,1,Sunday,121,RIGHT THROUGH,MEL,40,47,G,10,2,Dusk/Dawn,29567,2,3,0,2,0,1,1,1,Cross intersection,3,70,-37.81985,145.138450000000010
534,T20130001352,21/01/2013,14.50.00,1,Collision with vehicle,2,Monday,110,CROSS TRAFFIC(INTERSECTIONS ONLY),VCS,9,96,E,3,1,Day,29923,2,3,1,1,0,1,1,1,Cross intersection,2,80,-38.08693,145.777469999999990
535,T20130001354,20/01/2013,11.50.00,8,No collision and no object struck,1,Sunday,180,OFF CARRIAGEWAY ON RIGHT BEND,VCS,9,50,C,5,1,Day,258509,1,2,0,2,0,0,1,5,Not at intersection,3,100,-36.68778,147.103990000000010
536,T20130001358,21/01/2013,11.40.00,1,Collision with vehicle,2,Monday,110,CROSS TRAFFIC(INTERSECTIONS ONLY),VCS,9,96,D,3,1,Day,45271,2,2,1,0,0,1,1,1,Cross intersection,2,100,-38.07538,145.714679999999990
537,T20130001360,21/01/2013,14.05.00,1,Collision with vehicle,2,Monday,121,RIGHT THROUGH,MEL,40,97,C,5,1,Day,43311,2,2,1,0,0,1,1,2,T intersection,2,60,-38.0653,145.119830000000010
538,T20130001361,21/01/2013,13.15.00,4,Collision with a fixed object,2,Monday,171,LEFT OFF CARRIAGEWAY INTO OBJECT/PARKED VEHICLE,VCS,9,11,J,2,1,Day,267958,1,1,0,1,0,0,1,5,Not at intersection,3,100,-35.06247,142.454029999999990
539,T20130001366,20/01/2013,13.00.00,1,Collision with vehicle,1,Sunday,113,RIGHT NEAR (INTERSECTIONS ONLY),VCS,9,566,D,8,1,Day,53300,2,2,0,1,0,1,2,1,Cross intersection,3,999,-37.56145,143.854840000000000
540,T20130001370,21/01/2013,16.00.00,6,Vehicle overturned (no collision),2,Monday,174,OUT OF CONTROL ON CARRIAGEWAY (ON STRAIGHT),MEL,40,467,J,1,1,Day,257695,1,1,1,0,0,0,1,5,Not at intersection,2,90,-38.18173,144.433400000000010
541,T20130001372,21/01/2013,15.50.00,1,Collision with vehicle,2,Monday,120,HEAD ON (NOT OVERTAKING),VCS,9,100,H,4,1,Day,230711,2,5,0,3,0,2,1,2,T intersection,3,60,-38.68043,143.391259999999990
542,T20130001375,21/01/2013,17.50.00,1,Collision with vehicle,2,Monday,113,RIGHT NEAR (INTERSECTIONS ONLY),MEL,40,111,D,4,1,Day,47555,2,2,0,1,0,1,1,2,T intersection,3,999,-38.02019,145.345949999999990
543,T20130001376,21/01/2013,17.40.00,4,Collision with a fixed object,2,Monday,181,OFF RIGHT BEND INTO OBJECT/PARKED VEHICLE,VCS,9,96,E,3,1,Day,260033,1,1,1,0,0,0,1,5,Not at intersection,2,80,-38.09997,145.772340000000010
544,T20130001378,9/01/2013,08.50.00,1,Collision with vehicle,4,Wednesday,114,TWO RIGHT TURNING (INTERSECTIONS ONLY),MEL,40,76,J,7,1,Day,257696,2,2,0,1,0,1,2,2,T intersection,3,50,-37.94064,145.011370000000000
545,T20130001382,21/01/2013,17.15.00,1,Collision with vehicle,2,Monday,113,RIGHT NEAR (INTERSECTIONS ONLY),MEL,40,110,C,4,1,Day,36763,2,3,0,1,0,2,1,2,T intersection,3,60,-38.01893,145.299479999999990
546,T20130001385,21/01/2013,17.45.00,1,Collision with vehicle,2,Monday,137,LEFT TURN SIDESWIPE,MEL,40,2P,D,2,1,Day,24985,2,2,0,2,0,0,1,2,T intersection,3,60,-37.8559,144.983010000000010
547,T20130001389,21/01/2013,17.28.00,4,Collision with a fixed object,2,Monday,141,U TURN INTO FIXED OBJECT/PARKED VEHICLE,MEL,40,60,D,10,1,Day,258112,1,1,0,1,0,0,1,5,Not at intersection,3,50,-37.86664,145.078039999999990
548,T20130001393,21/01/2013,21.15.00,8,No collision and no object struck,2,Monday,174,OUT OF CONTROL ON CARRIAGEWAY (ON STRAIGHT),MEL,40,9,C,9,3,Dark Street lights on,267959,1,1,0,1,0,0,1,5,Not at intersection,3,50,-37.68561,145.030489999999990
549,T20130001397,22/01/2013,01.30.00,4,Collision with a fixed object,3,Tuesday,183,OFF LEFT BEND INTO OBJECT/PARKED VEHICLE,MEL,40,24,B,11,5,Dark No street lights,55112,1,2,0,2,0,0,1,5,Not at intersection,3,60,-37.73642,145.248030000000000
550,T20130001398,21/01/2013,23.00.00,2,Struck Pedestrian,2,Monday,104,PED WALKING WITH TRAFFIC,MEL,40,65,A,6,3,Dark Street lights on,258114,1,2,0,1,0,1,1,5,Not at intersection,3,70,-37.85095,145.286219999999990
551,T20130001400,18/01/2013,07.20.00,1,Collision with vehicle,6,Friday,140,U TURN,MEL,40,646,D,11,1,Day,257606,2,6,0,1,0,5,1,5,Not at intersection,3,80,-37.41773,144.992930000000000
552,T20130001401,22/01/2013,07.15.00,1,Collision with vehicle,3,Tuesday,121,RIGHT THROUGH,MEL,40,2B,F,12,1,Day,35319,2,2,1,0,0,1,1,1,Cross intersection,2,60,-37.80697,144.965849999999990
553,T20130001402,22/01/2013,07.51.00,1,Collision with vehicle,3,Tuesday,130,REAR END(VEHICLES IN SAME LANE),MEL,40,96,A,7,1,Day,257803,3,3,0,1,0,2,1,5,Not at intersection,3,80,-38.03026,145.244069999999990
554,T20130001403,17/01/2013,23.00.00,1,Collision with vehicle,5,Thursday,130,REAR END(VEHICLES IN SAME LANE),MEL,40,25,J,11,6,Dark Street lights unknown,44929,2,2,0,1,0,1,2,2,T intersection,3,60,-37.78165,144.791680000000010
555,T20130001406,21/01/2013,11.16.00,1,Collision with vehicle,2,Monday,159,OTHER OVERTAKING MANOEUVRES NOT INCLUDED IN DCAs 150-154,MEL,40,67,D,1,1,Day,41116,3,3,0,1,0,2,2,1,Cross intersection,3,60,-37.87625,144.992240000000010
556,T20130001407,22/01/2013,10.45.00,1,Collision with vehicle,3,Tuesday,130,REAR END(VEHICLES IN SAME LANE),MEL,40,337,D,12,1,Day,267960,2,4,1,0,0,3,1,5,Not at intersection,2,110,-37.69518,144.591810000000010
557,T20130001411,11/01/2013,21.15.00,1,Collision with vehicle,6,Friday,131,LEFT REAR,MEL,40,110,F,3,3,Dark Street lights on,36796,2,2,0,1,0,1,2,1,Cross intersection,3,999,-38.01387,145.309210000000010
558,T20130001416,22/01/2013,11.27.00,2,Struck Pedestrian,3,Tuesday,100,PED NEAR SIDE. PED HIT BY VEHICLE FROM THE RIGHT.,MEL,40,70,F,12,1,Day,41728,1,2,1,0,0,1,1,2,T intersection,2,80,-37.9153,145.131589999999990
559,T20130001418,22/01/2013,11.30.00,1,Collision with vehicle,3,Tuesday,132,RIGHT REAR.,VCS,9,658,E,4,1,Day,257513,2,3,0,1,0,2,1,2,T intersection,3,60,-36.15337,146.608669999999990
560,T20130001423,22/01/2013,07.00.00,1,Collision with vehicle,3,Tuesday,131,LEFT REAR,MEL,40,67,J,8,1,Day,41242,2,2,0,1,0,1,1,2,T intersection,3,70,-37.90063,145.013060000000000
561,T20130001425,22/01/2013,13.10.00,4,Collision with a fixed object,3,Tuesday,173,RIGHT OFF CARRIAGEWAY INTO OBJECT/PARKED VEHICLE,MEL,40,55,J,2,1,Day,39985,2,2,1,0,0,1,1,2,T intersection,2,60,-37.83783,144.882510000000000
562,T20130001428,9/01/2013,09.50.00,1,Collision with vehicle,4,Wednesday,133,LANE SIDE SWIPE (VEHICLES IN PARALLEL LANES),MEL,40,58,J,7,9,Unknown,257511,2,2,0,1,0,1,2,5,Not at intersection,3,999,-37.85421,145.011580000000010
563,T20130001429,22/01/2013,13.00.00,1,Collision with vehicle,3,Tuesday,110,CROSS TRAFFIC(INTERSECTIONS ONLY),MEL,40,2J,H,5,1,Day,37452,2,2,1,0,0,1,1,1,Cross intersection,2,60,-37.83898,144.947489999999990
564,T20130001438,22/01/2013,14.02.00,2,Struck Pedestrian,3,Tuesday,102,FAR SIDE. PED HIT BY VEHICLE FROM THE LEFT,MEL,40,205,J,8,1,Day,267961,1,2,1,0,0,1,1,5,Not at intersection,2,40,-37.90155,144.660950000000010
565,T20130001440,22/01/2013,13.00.00,8,No collision and no object struck,3,Tuesday,184,OUT OF CONTROL ON CARRIAGEWAY (ON BEND),VCS,9,80,B,8,1,Day,267962,1,1,1,0,0,0,1,5,Not at intersection,2,80,-37.87836,145.599009999999990
566,T20130001441,22/01/2013,14.25.00,4,Collision with a fixed object,3,Tuesday,183,OFF LEFT BEND INTO OBJECT/PARKED VEHICLE,MEL,40,103,A,2,1,Day,257604,1,2,0,1,0,1,1,2,T intersection,3,50,-38.14406,145.156299999999990
567,T20130001444,15/01/2013,11.35.00,7,Fall from or in moving vehicle,2,Tuesday,184,OUT OF CONTROL ON CARRIAGEWAY (ON BEND),MEL,40,16,A,1,1,Day,277123,1,1,1,0,0,0,2,5,Not at intersection,2,999,-37.70217,144.890700000000010
568,T20130001450,22/01/2013,17.30.00,8,No collision and no object struck,2,Tuesday,199,UNKNOWN-NO DETAILS ON MANOEUVRES OF ROAD-USERS IN ACCIDENT,MEL,40,1B,N,5,1,Day,258511,1,1,0,1,0,0,1,5,Not at intersection,3,30,-37.81343,144.965589999999990
569,T20130001451,22/01/2013,19.50.00,4,Collision with a fixed object,3,Tuesday,171,LEFT OFF CARRIAGEWAY INTO OBJECT/PARKED VEHICLE,VCS,9,700,H,5,1,Day,257878,1,2,0,2,0,0,1,5,Not at intersection,3,999,-38.17712,146.276850000000000
570,T20130001452,22/01/2013,17.30.00,4,Collision with a fixed object,3,Tuesday,173,RIGHT OFF CARRIAGEWAY INTO OBJECT/PARKED VEHICLE,VCS,9,18,G,9,1,Day,267963,1,1,0,1,0,0,1,5,Not at intersection,3,100,-35.98056,142.885279999999990
571,T20130001453,11/01/2013,08.00.00,1,Collision with vehicle,6,Friday,163,VEHICLE STRIKES DOOR OF PARKED/STATIONARY VEHICLE,MEL,40,67,D,11,1,Day,257505,2,2,1,0,0,1,2,5,Not at intersection,2,999,-37.91154,144.991800000000010
572,T20130001454,22/01/2013,20.20.00,2,Struck Pedestrian,3,Tuesday,102,FAR SIDE. PED HIT BY VEHICLE FROM THE LEFT,MEL,40,84A,D,4,2,Dusk/Dawn,35706,1,2,0,1,0,1,2,4,Multiple intersection,3,60,-37.76716,144.924839999999990
573,T20130001456,7/01/2013,12.15.00,1,Collision with vehicle,2,Monday,130,REAR END(VEHICLES IN SAME LANE),VCS,9,653,N,6,1,Day,45106,3,3,0,1,0,2,2,1,Cross intersection,3,50,-36.1242,146.885709999999990
574,T20130001461,21/01/2013,12.30.00,1,Collision with vehicle,2,Monday,160,VEHICLE COLLIDES WITH VEHICLE PARKED ON LEFT OF ROAD,MEL,40,2K,G,4,1,Day,56513,2,1,1,0,0,0,2,2,T intersection,2,60,-37.83716,144.967580000000000
575,T20130001462,22/01/2013,17.50.00,1,Collision with vehicle,3,Tuesday,121,RIGHT THROUGH,MEL,40,2H,A,7,1,Day,35382,2,2,1,0,0,1,1,2,T intersection,2,60,-37.8205,144.998840000000000
576,T20130001465,22/01/2013,22.20.00,4,Collision with a fixed object,3,Tuesday,181,OFF RIGHT BEND INTO OBJECT/PARKED VEHICLE,VCS,9,97,J,4,5,Dark No street lights,267964,1,2,1,0,1,0,1,5,Not at intersection,1,80,-38.17334,146.496309999999990
577,T20130001466,22/01/2013,23.58.00,1,Collision with vehicle,2,Tuesday,130,REAR END(VEHICLES IN SAME LANE),MEL,40,90,G,12,6,Dark Street lights unknown,277420,2,3,0,2,0,1,1,5,Not at intersection,3,80,-38.00566,145.226840000000010
578,T20130001474,14/01/2013,16.00.00,6,Vehicle overturned (no collision),2,Monday,174,OUT OF CONTROL ON CARRIAGEWAY (ON STRAIGHT),VCS,9,75,C,9,1,Day,267966,1,1,0,1,0,0,2,5,Not at intersection,3,100,-37.98157,143.123430000000010
579,T20130001475,23/01/2013,09.40.00,2,Struck Pedestrian,4,Wednesday,100,PED NEAR SIDE. PED HIT BY VEHICLE FROM THE RIGHT.,MEL,40,61,K,9,1,Day,257498,1,2,0,1,0,1,2,5,Not at intersection,3,60,-37.85996,145.150730000000010
580,T20130001477,23/01/2013,09.05.00,1,Collision with vehicle,4,Wednesday,130,REAR END(VEHICLES IN SAME LANE),MEL,40,36,H,12,1,Day,257497,4,6,0,1,0,5,1,5,Not at intersection,3,60,-37.78509,145.276620000000010
581,T20130001478,18/01/2013,08.25.00,1,Collision with vehicle,6,Friday,147,VEHICLE STRIKES ANOTHER VEH WHILE EMERGING FROM DRIVEWAY,MEL,40,42,D,7,1,Day,267967,2,2,0,1,0,1,2,5,Not at intersection,3,50,-37.80928,144.902330000000010
582,T20130001480,22/01/2013,12.00.00,2,Struck Pedestrian,3,Tuesday,109,ANY MANOEUVRE INVOLVING PED NOT INCLUDED IN DCAs 100-108.,MEL,40,91A,E,5,1,Day,262189,1,2,0,2,0,0,2,5,Not at intersection,3,50,-37.98495,145.214869999999990
583,T20130001481,17/01/2013,11.00.00,8,No collision and no object struck,5,Thursday,174,OUT OF CONTROL ON CARRIAGEWAY (ON STRAIGHT),VCS,9,82,H,7,1,Day,267968,1,1,0,1,0,0,2,5,Not at intersection,3,100,-37.82446,146.979279999999990
584,T20130001482,23/01/2013,11.40.00,1,Collision with vehicle,4,Wednesday,113,RIGHT NEAR (INTERSECTIONS ONLY),MEL,40,17,H,11,1,Day,861,2,2,0,1,0,1,1,2,T intersection,3,50,-37.73738,144.963040000000010
585,T20130001484,23/01/2013,07.15.00,6,Vehicle overturned (no collision),4,Wednesday,170,OFF CARRIAGEWAY TO LEFT,MEL,40,137,D,4,1,Day,258008,1,1,1,0,0,0,1,5,Not at intersection,2,80,-38.14939,145.258610000000000
586,T20130001489,8/01/2013,16.40.00,1,Collision with vehicle,2,Tuesday,130,REAR END(VEHICLES IN SAME LANE),MEL,40,2S,F,5,1,Day,38765,2,2,1,0,0,1,2,1,Cross intersection,2,70,-37.79446,144.900530000000000
587,T20130001491,23/01/2013,06.45.00,4,Collision with a fixed object,4,Wednesday,171,LEFT OFF CARRIAGEWAY INTO OBJECT/PARKED VEHICLE,VCS,9,77,B,2,2,Dusk/Dawn,267969,1,1,0,0,1,0,1,5,Not at intersection,1,110,-37.54959,144.029879999999990
588,T20130001500,23/01/2013,13.06.00,4,Collision with a fixed object,4,Wednesday,173,RIGHT OFF CARRIAGEWAY INTO OBJECT/PARKED VEHICLE,MEL,40,38,C,4,1,Day,257700,1,1,1,0,0,0,1,2,T intersection,2,50,-37.75331,145.342230000000000
589,T20130001501,23/01/2013,15.40.00,8,No collision and no object struck,4,Wednesday,174,OUT OF CONTROL ON CARRIAGEWAY (ON STRAIGHT),VCS,9,417,F,8,1,Day,257492,1,1,1,0,0,0,1,5,Not at intersection,2,100,-37.36437,145.081539999999990
590,T20130001502,23/01/2013,09.50.00,1,Collision with vehicle,4,Wednesday,130,REAR END(VEHICLES IN SAME LANE),MEL,40,19,F,6,1,Day,257879,2,2,0,1,0,1,1,5,Not at intersection,3,70,-37.71858,145.044479999999990
591,T20130001503,23/01/2013,09.00.00,1,Collision with vehicle,4,Wednesday,113,RIGHT NEAR (INTERSECTIONS ONLY),MEL,40,16,G,5,1,Day,41074,2,2,1,0,0,1,1,2,T intersection,2,50,-37.71516,144.918029999999990
592,T20130001507,23/01/2013,11.10.00,1,Collision with vehicle,4,Wednesday,135,LANE CHANGE LEFT (NOT OVERTAKING),MEL,40,62,E,3,1,Day,40818,2,2,0,1,0,1,1,2,T intersection,3,80,-37.83833,145.171870000000010
593,T20130001511,23/01/2013,13.20.00,1,Collision with vehicle,4,Wednesday,120,HEAD ON (NOT OVERTAKING),VCS,9,101,B,5,1,Day,267970,2,7,1,1,0,5,1,5,Not at intersection,2,80,-38.74162,143.580990000000010
594,T20130001515,23/01/2013,14.50.00,4,Collision with a fixed object,4,Wednesday,181,OFF RIGHT BEND INTO OBJECT/PARKED VEHICLE,VCS,9,677,Q,5,1,Day,51218,1,1,0,0,1,0,1,1,Cross intersection,1,100,-36.9055,145.221190000000010
595,T20130001522,23/01/2013,16.45.00,1,Collision with vehicle,4,Wednesday,113,RIGHT NEAR (INTERSECTIONS ONLY),MEL,40,9,C,9,1,Day,38315,2,2,0,2,0,0,1,2,T intersection,3,70,-37.68453,145.029149999999990
596,T20130001526,23/01/2013,17.50.00,1,Collision with vehicle,4,Wednesday,113,RIGHT NEAR (INTERSECTIONS ONLY),MEL,40,93,B,9,1,Day,43233,2,2,1,0,0,1,1,2,T intersection,2,60,-38.03659,145.114870000000000
597,T20130001527,23/01/2013,17.05.00,1,Collision with vehicle,4,Wednesday,121,RIGHT THROUGH,VCS,9,514,F,6,1,Day,50673,2,6,1,1,0,4,2,2,T intersection,2,60,-38.37343,142.462549999999990
598,T20130001528,23/01/2013,16.31.00,2,Struck Pedestrian,4,Wednesday,104,PED WALKING WITH TRAFFIC,MEL,40,1B,T,10,1,Day,36992,1,2,1,0,0,1,1,1,Cross intersection,2,40,-37.81601,144.972379999999990
599,T20130001529,20/01/2013,07.35.00,1,Collision with vehicle,1,Sunday,121,RIGHT THROUGH,MEL,40,77,D,9,1,Day,261767,2,2,0,1,0,1,2,2,T intersection,3,60,-37.94795,145.035130000000010
600,T20130001531,22/01/2013,17.17.00,1,Collision with vehicle,3,Tuesday,134,LANE CHANGE RIGHT (NOT OVERTAKING),MEL,40,102,A,5,1,Day,29736,2,2,1,0,0,1,1,2,T intersection,2,60,-38.15414,145.109690000000000