FID,ACCIDENT_N,ACCIDENTDA,ACCIDENTTI,ACCIDENT_T,Accident_T_1,DAY_OF_WEE,Day_Week_D,DCA_CODE,DCA_Descri,DIRECTORY,EDITION,PAGE,GRID_REFER,GRID_REF_1,LIGHT_COND,Light_Cond_1,NODE_ID,NO_OF_VEHI,NO_PERSONS,NO_PERSO_1,NO_PERSO_2,NO_PERSO_3,NO_PERSO_4,POLICE_ATT,ROAD_GEOME,Road_Geome_1,SEVERITY,SPEED_ZONE,Lat,Long
601,T20130001537,23/01/2013,18.12.00,1,Collision with vehicle,4,Wednesday,130,REAR END(VEHICLES IN SAME LANE),MEL,40,2S,C,4,1,Day,38736,3,3,0,1,0,2,1,2,T intersection,3,60,-37.79223,144.892969999999990
602,T20130001538,14/01/2013,17.50.00,1,Collision with vehicle,2,Monday,130,REAR END(VEHICLES IN SAME LANE),MEL,40,19,A,8,1,Day,62565,2,2,0,1,0,1,2,4,Multiple intersection,3,60,-37.72536,145.022899999999990
603,T20130001540,23/01/2013,19.45.00,1,Collision with vehicle,4,Wednesday,132,RIGHT REAR.,VCS,9,32,E,9,1,Day,59268,2,4,0,2,0,2,1,1,Cross intersection,3,100,-36.45478,145.204559999999990
604,T20130001542,23/01/2013,15.45.00,1,Collision with vehicle,4,Wednesday,113,RIGHT NEAR (INTERSECTIONS ONLY),MEL,40,431,J,12,1,Day,49713,2,2,1,0,0,1,1,2,T intersection,2,60,-38.09004,144.347430000000000
605,T20130001543,23/01/2013,19.00.00,1,Collision with vehicle,4,Wednesday,110,CROSS TRAFFIC(INTERSECTIONS ONLY),MEL,40,2H,B,2,1,Day,37219,2,2,1,0,0,1,1,1,Cross intersection,2,50,-37.81057,145.000640000000000
606,T20130001544,23/01/2013,21.00.00,4,Collision with a fixed object,4,Wednesday,171,LEFT OFF CARRIAGEWAY INTO OBJECT/PARKED VEHICLE,MEL,40,106,K,3,5,Dark No street lights,257501,1,1,0,1,0,0,1,5,Not at intersection,3,60,-38.19168,145.149810000000000
607,T20130001545,24/01/2013,03.30.00,4,Collision with a fixed object,5,Thursday,183,OFF LEFT BEND INTO OBJECT/PARKED VEHICLE,MEL,40,120,B,8,5,Dark No street lights,258116,1,1,1,0,0,0,1,5,Not at intersection,2,60,-37.81445,145.379780000000010
608,T20130001548,24/01/2013,07.57.00,1,Collision with vehicle,5,Thursday,121,RIGHT THROUGH,MEL,40,1A,C,7,1,Day,36853,2,2,1,0,0,1,1,2,T intersection,2,40,-37.81784,144.956390000000000
609,T20130001549,23/01/2013,21.30.00,4,Collision with a fixed object,4,Wednesday,181,OFF RIGHT BEND INTO OBJECT/PARKED VEHICLE,VCS,9,96,C,4,5,Dark No street lights,257548,1,1,0,1,0,0,1,5,Not at intersection,3,100,-38.18331,145.675369999999990
610,T20130001550,24/01/2013,08.00.00,1,Collision with vehicle,5,Thursday,121,RIGHT THROUGH,MEL,40,50,K,12,1,Day,39771,2,2,0,1,0,1,1,1,Cross intersection,3,70,-37.82789,145.282140000000000
611,T20130001551,24/01/2013,08.40.00,1,Collision with vehicle,5,Thursday,121,RIGHT THROUGH,MEL,40,2A,G,8,1,Day,65311,2,2,1,0,0,1,1,2,T intersection,2,50,-37.80129,144.945760000000010
612,T20130001552,24/01/2013,08.42.00,1,Collision with vehicle,5,Thursday,130,REAR END(VEHICLES IN SAME LANE),MEL,40,2L,C,12,1,Day,257546,5,6,0,2,0,4,1,5,Not at intersection,3,60,-37.85222,144.981370000000000
613,T20130001553,20/01/2013,23.48.00,4,Collision with a fixed object,1,Sunday,173,RIGHT OFF CARRIAGEWAY INTO OBJECT/PARKED VEHICLE,MEL,40,30,C,12,3,Dark Street lights on,37854,1,1,1,0,0,0,1,1,Cross intersection,2,50,-37.78437,144.988130000000010
614,T20130001554,24/01/2013,10.50.00,2,Struck Pedestrian,5,Thursday,102,FAR SIDE. PED HIT BY VEHICLE FROM THE LEFT,MEL,40,678,B,3,1,Day,257810,1,2,0,1,0,1,1,5,Not at intersection,3,50,-37.48636,144.586810000000010
615,T20130001555,23/01/2013,14.30.00,1,Collision with vehicle,4,Wednesday,121,RIGHT THROUGH,MEL,40,182,A,12,1,Day,234746,2,4,0,1,0,3,2,1,Cross intersection,3,70,-37.65311,145.022840000000000
616,T20130001556,23/01/2013,19.20.00,5,collision with some other object,4,Wednesday,166,STRUCK OBJECT ON CARRIAGEWAY,VCS,9,45,A,4,3,Dark Street lights on,257545,1,1,0,1,0,0,1,5,Not at intersection,3,100,-36.65949,144.522349999999990
617,T20130001557,24/01/2013,11.18.00,1,Collision with vehicle,5,Thursday,154,PULLING OUT -REAR END,MEL,40,48,E,11,1,Day,257543,2,3,0,3,0,0,1,9,Unknown,3,80,-37.82431,145.174849999999990
618,T20130001559,24/01/2013,11.20.00,8,No collision and no object struck,5,Thursday,174,OUT OF CONTROL ON CARRIAGEWAY (ON STRAIGHT),MEL,40,18,G,10,1,Day,257542,1,1,1,0,0,0,1,5,Not at intersection,2,40,-37.73385,145.004709999999990
619,T20130001561,24/01/2013,10.15.00,4,Collision with a fixed object,5,Thursday,146,REVERSING INTO FIXED OBJECT/PARKED VEHICLE,MEL,40,17,B,9,1,Day,267971,1,1,1,0,0,0,1,5,Not at intersection,2,50,-37.73104,144.939799999999990
620,T20130001562,24/01/2013,11.30.00,1,Collision with vehicle,5,Thursday,110,CROSS TRAFFIC(INTERSECTIONS ONLY),MEL,40,55,D,1,1,Day,39959,2,2,0,1,0,1,1,1,Cross intersection,3,40,-37.83207,144.856320000000010
621,T20130001563,24/01/2013,10.22.00,1,Collision with vehicle,5,Thursday,121,RIGHT THROUGH,MEL,40,6,J,9,1,Day,44550,2,3,0,1,0,2,1,1,Cross intersection,3,60,-37.68613,144.926830000000000
622,T20130001567,24/01/2013,12.10.00,1,Collision with vehicle,5,Thursday,159,OTHER OVERTAKING MANOEUVRES NOT INCLUDED IN DCAs 150-154,MEL,40,330,K,9,1,Day,267972,2,4,0,1,0,3,1,5,Not at intersection,3,100,-37.64021,144.575220000000000
623,T20130001574,24/01/2013,14.10.00,4,Collision with a fixed object,5,Thursday,171,LEFT OFF CARRIAGEWAY INTO OBJECT/PARKED VEHICLE,MEL,40,34,A,9,1,Day,38366,1,1,1,0,0,0,1,2,T intersection,2,60,-37.77429,145.156669999999990
624,T20130001579,24/01/2013,08.30.00,1,Collision with vehicle,5,Thursday,121,RIGHT THROUGH,MEL,40,2M,A,12,1,Day,37735,2,2,0,2,0,0,1,2,T intersection,3,60,-37.85255,144.998490000000000
625,T20130001585,24/01/2013,13.50.00,1,Collision with vehicle,5,Thursday,113,RIGHT NEAR (INTERSECTIONS ONLY),MEL,40,70,H,10,1,Day,41744,2,2,1,0,0,1,1,2,T intersection,2,60,-37.90986,145.141320000000010
626,T20130001586,24/01/2013,14.00.00,8,No collision and no object struck,5,Thursday,194,PARKED CAR RUN AWAY,MEL,40,182,C,5,1,Day,258118,1,2,1,0,0,1,1,5,Not at intersection,2,50,-37.62652,145.030430000000000
627,T20130001587,24/01/2013,14.55.00,1,Collision with vehicle,5,Thursday,110,CROSS TRAFFIC(INTERSECTIONS ONLY),VCS,9,96,E,3,1,Day,29923,2,6,2,1,0,3,1,1,Cross intersection,2,100,-38.08693,145.777469999999990
628,T20130001588,20/01/2013,13.00.00,5,collision with some other object,1,Sunday,166,STRUCK OBJECT ON CARRIAGEWAY,VCS,9,81,E,2,1,Day,49522,1,1,0,1,0,0,2,4,Multiple intersection,3,60,-37.53366,146.218250000000010
629,T20130001589,24/01/2013,15.30.00,1,Collision with vehicle,5,Thursday,130,REAR END(VEHICLES IN SAME LANE),MEL,40,93,A,11,1,Day,43229,5,6,1,1,0,4,1,2,T intersection,2,60,-38.04608,145.112930000000010
630,T20130001594,24/01/2013,17.50.00,8,No collision and no object struck,4,Thursday,180,OFF CARRIAGEWAY ON RIGHT BEND,VCS,9,429,B,5,1,Day,15328,1,1,0,1,0,0,2,1,Cross intersection,3,80,-37.53972,145.389540000000010
631,T20130001598,24/01/2013,18.04.00,1,Collision with vehicle,5,Thursday,120,HEAD ON (NOT OVERTAKING),MEL,40,63,H,5,1,Day,257813,2,3,1,0,0,2,1,5,Not at intersection,2,50,-37.84673,145.229980000000010
632,T20130001600,24/01/2013,18.25.00,1,Collision with vehicle,5,Thursday,130,REAR END(VEHICLES IN SAME LANE),MEL,40,69,A,3,1,Day,257539,4,4,0,1,0,3,1,5,Not at intersection,3,70,-37.88474,145.067569999999990
633,T20130001601,20/01/2013,14.30.00,1,Collision with vehicle,1,Sunday,129,OTHER OPPOSING MANOEUVRES NOT INCLUDED IN DCAs 120-125.,VCS,9,417,H,9,1,Day,221993,2,2,1,0,0,1,2,1,Cross intersection,2,60,-37.39696,145.116019999999990
634,T20130001602,24/01/2013,16.30.00,1,Collision with vehicle,5,Thursday,130,REAR END(VEHICLES IN SAME LANE),MEL,40,58,F,8,1,Day,67571,4,4,0,1,0,3,1,1,Cross intersection,3,70,-37.85887,145.001389999999990
635,T20130001603,24/01/2013,16.28.00,4,Collision with a fixed object,5,Thursday,171,LEFT OFF CARRIAGEWAY INTO OBJECT/PARKED VEHICLE,MEL,40,18,H,1,1,Day,44147,1,1,0,1,0,0,1,2,T intersection,3,60,-37.7009,145.010380000000000
636,T20130001609,24/01/2013,19.45.00,1,Collision with vehicle,5,Thursday,137,LEFT TURN SIDESWIPE,MEL,40,87,C,11,2,Dusk/Dawn,257535,3,2,1,0,0,1,1,5,Not at intersection,2,60,-38.00102,145.077080000000000
637,T20130001612,24/01/2013,20.50.00,1,Collision with vehicle,5,Thursday,121,RIGHT THROUGH,VCS,9,642,E,8,2,Dusk/Dawn,257549,2,2,0,1,0,1,1,5,Not at intersection,3,50,-37.03036,145.143779999999990
638,T20130001615,24/01/2013,20.05.00,1,Collision with vehicle,5,Thursday,130,REAR END(VEHICLES IN SAME LANE),MEL,40,9,G,9,1,Day,257533,2,3,1,0,0,2,1,5,Not at intersection,2,80,-37.68661,145.050739999999990
639,T20130001616,24/01/2013,21.40.00,1,Collision with vehicle,5,Thursday,110,CROSS TRAFFIC(INTERSECTIONS ONLY),MEL,40,180,A,8,3,Dark Street lights on,47296,2,3,0,2,0,1,1,1,Cross intersection,3,60,-37.63679,144.932590000000000
640,T20130001618,24/01/2013,19.40.00,4,Collision with a fixed object,5,Thursday,173,RIGHT OFF CARRIAGEWAY INTO OBJECT/PARKED VEHICLE,MEL,40,181,D,11,1,Day,58042,1,1,1,0,0,0,1,1,Cross intersection,2,80,-37.64843,144.991449999999990
641,T20130001623,24/01/2013,22.20.00,1,Collision with vehicle,5,Thursday,121,RIGHT THROUGH,MEL,40,91A,H,1,3,Dark Street lights on,43086,2,2,1,0,0,1,1,1,Cross intersection,2,60,-37.9777,145.222150000000000
642,T20130001624,25/01/2013,02.00.00,4,Collision with a fixed object,6,Friday,181,OFF RIGHT BEND INTO OBJECT/PARKED VEHICLE,MEL,40,933,J,12,5,Dark No street lights,258958,1,2,0,2,0,0,1,5,Not at intersection,3,80,-38.51223,145.300070000000010
643,T20130001626,25/01/2013,01.00.00,7,Fall from or in moving vehicle,6,Friday,190,FELL IN/FROM VEHICLE,MEL,40,70,D,11,4,Dark Street lights off,257532,1,2,0,1,0,1,1,5,Not at intersection,3,70,-37.91144,145.122459999999990
644,T20130001627,25/01/2013,04.00.00,4,Collision with a fixed object,6,Friday,175,OFF END OF ROAD/T-INTERSECTION.,MEL,40,12,G,9,5,Dark No street lights,61702,1,5,3,1,0,1,1,2,T intersection,2,100,-37.68577,145.179990000000000
645,T20130001629,25/01/2013,02.40.00,4,Collision with a fixed object,6,Friday,171,LEFT OFF CARRIAGEWAY INTO OBJECT/PARKED VEHICLE,MEL,40,30,E,2,3,Dark Street lights on,37893,1,1,0,1,0,0,1,1,Cross intersection,3,70,-37.74814,144.996219999999990
646,T20130001630,22/01/2013,18.15.00,1,Collision with vehicle,3,Tuesday,130,REAR END(VEHICLES IN SAME LANE),MEL,40,42,A,11,1,Day,267973,2,2,0,1,0,1,2,5,Not at intersection,3,80,-37.82555,144.888730000000010
647,T20130001631,24/01/2013,11.08.00,1,Collision with vehicle,5,Thursday,110,CROSS TRAFFIC(INTERSECTIONS ONLY),MEL,40,75A,D,3,1,Day,226619,2,2,0,2,0,0,1,1,Cross intersection,3,60,-37.81734,145.119319999999990
648,T20130001635,24/01/2013,16.00.00,1,Collision with vehicle,5,Thursday,135,LANE CHANGE LEFT (NOT OVERTAKING),MEL,40,53,F,7,1,Day,267974,2,2,1,0,0,1,1,5,Not at intersection,2,100,-37.85581,144.778690000000010
649,T20130001636,4/01/2013,09.00.00,8,No collision and no object struck,6,Friday,184,OUT OF CONTROL ON CARRIAGEWAY (ON BEND),VCS,9,36,B,6,1,Day,257527,1,1,0,1,0,0,2,5,Not at intersection,3,999,-36.27002,147.015250000000010
650,T20130001641,25/01/2013,09.00.00,1,Collision with vehicle,6,Friday,147,VEHICLE STRIKES ANOTHER VEH WHILE EMERGING FROM DRIVEWAY,MEL,40,2H,C,10,1,Day,267975,2,2,0,1,0,1,2,5,Not at intersection,3,999,-37.8263,145.003530000000010
651,T20130001642,24/01/2013,19.40.00,1,Collision with vehicle,5,Thursday,110,CROSS TRAFFIC(INTERSECTIONS ONLY),MEL,40,17,B,8,1,Day,41880,2,2,0,1,0,1,1,1,Cross intersection,3,60,-37.72651,144.939349999999990
652,T20130001644,25/01/2013,09.40.00,8,No collision and no object struck,6,Friday,174,OUT OF CONTROL ON CARRIAGEWAY (ON STRAIGHT),MEL,40,2B,E,8,1,Day,257526,2,2,1,0,0,1,1,5,Not at intersection,2,60,-37.79978,144.964090000000000
653,T20130001646,25/01/2013,09.50.00,1,Collision with vehicle,6,Friday,121,RIGHT THROUGH,MEL,40,61,J,12,1,Day,617,2,4,0,2,0,2,1,1,Cross intersection,3,60,-37.87221,145.148400000000010
654,T20130001651,25/01/2013,11.15.00,4,Collision with a fixed object,6,Friday,173,RIGHT OFF CARRIAGEWAY INTO OBJECT/PARKED VEHICLE,MEL,40,46,C,10,1,Day,257524,1,1,0,1,0,0,1,5,Not at intersection,3,50,-37.82028,145.077120000000010
655,T20130001652,13/01/2013,14.00.00,8,No collision and no object struck,1,Sunday,174,OUT OF CONTROL ON CARRIAGEWAY (ON STRAIGHT),VCS,9,424,D,4,1,Day,267976,1,1,0,1,0,0,2,5,Not at intersection,3,999,-37.49426,144.383299999999990
656,T20130001656,24/01/2013,14.00.00,1,Collision with vehicle,5,Thursday,130,REAR END(VEHICLES IN SAME LANE),MEL,40,68,K,9,1,Day,29651,4,7,0,1,0,6,1,1,Cross intersection,3,60,-37.90667,145.061759999999990
657,T20130001657,25/01/2013,10.45.00,4,Collision with a fixed object,6,Friday,181,OFF RIGHT BEND INTO OBJECT/PARKED VEHICLE,MEL,40,269,J,8,1,Day,267977,1,1,1,0,0,0,1,5,Not at intersection,2,70,-37.63625,145.499380000000000
658,T20130001659,25/01/2013,11.20.00,4,Collision with a fixed object,6,Friday,183,OFF LEFT BEND INTO OBJECT/PARKED VEHICLE,VCS,9,61,C,4,1,Day,267978,1,5,0,5,0,0,1,5,Not at intersection,3,100,-37.14958,145.120119999999990
659,T20130001663,25/01/2013,12.10.00,1,Collision with vehicle,6,Friday,130,REAR END(VEHICLES IN SAME LANE),MEL,40,401,A,10,1,Day,259913,2,2,0,1,0,1,1,5,Not at intersection,3,60,-38.15842,144.344950000000010
660,T20130001665,19/01/2013,01.00.00,3,Struck animal,7,Saturday,167,STRUCK ANIMAL,VCS,9,35,C,7,5,Dark No street lights,257629,1,1,0,1,0,0,2,5,Not at intersection,3,100,-36.32221,146.683750000000000
661,T20130001673,25/01/2013,13.20.00,1,Collision with vehicle,6,Friday,113,RIGHT NEAR (INTERSECTIONS ONLY),MEL,40,206,E,11,1,Day,45789,2,3,2,0,0,1,1,2,T intersection,2,60,-37.91312,144.683539999999990
662,T20130001679,22/01/2013,13.26.00,1,Collision with vehicle,3,Tuesday,133,LANE SIDE SWIPE (VEHICLES IN PARALLEL LANES),VCS,9,642,B,6,1,Day,267980,2,2,0,1,0,1,1,5,Not at intersection,3,60,-37.02139,145.130689999999990
663,T20130001680,25/01/2013,14.45.00,4,Collision with a fixed object,6,Friday,171,LEFT OFF CARRIAGEWAY INTO OBJECT/PARKED VEHICLE,VCS,9,80,C,3,1,Day,267981,1,1,0,1,0,0,1,5,Not at intersection,3,80,-37.60161,145.634040000000000
664,T20130001681,25/01/2013,14.15.00,1,Collision with vehicle,6,Friday,130,REAR END(VEHICLES IN SAME LANE),MEL,40,20,F,2,1,Day,35331,2,2,0,1,0,1,2,1,Cross intersection,3,80,-37.70317,145.089830000000010
665,T20130001684,25/01/2013,13.55.00,1,Collision with vehicle,6,Friday,130,REAR END(VEHICLES IN SAME LANE),VCS,9,84,E,5,1,Day,258119,2,5,0,3,0,2,1,2,T intersection,3,100,-37.74883,147.752600000000000
666,T20130001685,25/01/2013,13.30.00,1,Collision with vehicle,6,Friday,121,RIGHT THROUGH,MEL,40,110,F,3,1,Day,36796,2,3,0,1,0,2,2,1,Cross intersection,3,70,-38.01387,145.309210000000010
667,T20130001687,24/01/2013,17.11.00,1,Collision with vehicle,5,Thursday,130,REAR END(VEHICLES IN SAME LANE),MEL,40,48,C,1,1,Day,39459,4,11,1,0,0,10,1,1,Cross intersection,2,70,-37.78916,145.161959999999990
668,T20130001688,23/01/2013,14.45.00,1,Collision with vehicle,4,Wednesday,130,REAR END(VEHICLES IN SAME LANE),MEL,40,91,D,12,1,Day,199966,5,6,0,1,0,5,1,5,Not at intersection,3,80,-38.00435,145.257890000000000
669,T20130001689,25/01/2013,13.30.00,1,Collision with vehicle,6,Friday,110,CROSS TRAFFIC(INTERSECTIONS ONLY),VCS,9,535,O,5,1,Day,52479,2,4,0,3,0,1,1,1,Cross intersection,3,50,-34.1846,142.154969999999990
670,T20130001691,24/01/2013,18.05.00,1,Collision with vehicle,5,Thursday,132,RIGHT REAR.,VCS,9,92,H,6,1,Day,267983,2,2,0,1,0,1,1,5,Not at intersection,3,100,-38.253,143.956840000000000
671,T20130001692,25/01/2013,12.50.00,6,Vehicle overturned (no collision),6,Friday,180,OFF CARRIAGEWAY ON RIGHT BEND,VCS,9,63,F,5,1,Day,267984,1,4,1,1,0,2,1,5,Not at intersection,2,100,-37.21842,146.311780000000000
672,T20130001699,7/01/2013,13.00.00,1,Collision with vehicle,2,Monday,130,REAR END(VEHICLES IN SAME LANE),VCS,9,653,N,6,1,Day,267985,2,2,0,1,0,1,1,5,Not at intersection,3,50,-36.12438,146.886920000000000
673,T20130001707,25/01/2013,18.50.00,1,Collision with vehicle,6,Friday,116,LEFT NEAR (INTERSECTIONS ONLY),VCS,9,566,B,9,1,Day,60873,2,2,0,1,0,1,1,1,Cross intersection,3,60,-37.56486,143.845210000000010
674,T20130001708,24/01/2013,09.00.00,2,Struck Pedestrian,5,Thursday,109,ANY MANOEUVRE INVOLVING PED NOT INCLUDED IN DCAs 100-108.,MEL,40,2L,K,5,1,Day,264163,1,2,0,1,0,1,2,5,Not at intersection,3,40,-37.83808,144.995910000000010
675,T20130001709,25/01/2013,14.00.00,1,Collision with vehicle,6,Friday,121,RIGHT THROUGH,MEL,40,2B,D,11,1,Day,45990,2,2,0,1,0,1,1,2,T intersection,3,60,-37.80661,144.962449999999990
676,T20130001712,25/01/2013,20.00.00,4,Collision with a fixed object,6,Friday,175,OFF END OF ROAD/T-INTERSECTION.,MEL,40,2S,E,11,1,Day,257822,1,1,1,0,0,0,1,2,T intersection,2,50,-37.80623,144.896999999999990
677,T20130001714,25/01/2013,19.40.00,1,Collision with vehicle,6,Friday,130,REAR END(VEHICLES IN SAME LANE),MEL,40,53,H,4,1,Day,35313,2,2,1,0,0,1,1,4,Multiple intersection,2,80,-37.84486,144.788729999999990
678,T20130001717,25/01/2013,18.30.00,1,Collision with vehicle,6,Friday,110,CROSS TRAFFIC(INTERSECTIONS ONLY),MEL,40,2H,K,5,1,Day,37368,2,2,0,1,0,1,1,1,Cross intersection,3,60,-37.81685,145.019780000000000
679,T20130001718,25/01/2013,17.41.00,1,Collision with vehicle,6,Friday,110,CROSS TRAFFIC(INTERSECTIONS ONLY),VCS,9,535,L,10,1,Day,44863,2,3,1,0,0,2,1,1,Cross intersection,2,60,-34.20704,142.136310000000010
680,T20130001719,25/01/2013,15.13.00,1,Collision with vehicle,5,Friday,130,REAR END(VEHICLES IN SAME LANE),MEL,40,203,J,7,1,Day,278545,2,2,1,0,0,1,1,2,T intersection,2,70,-37.85405,144.746970000000000
681,T20130001720,25/01/2013,20.00.00,6,Vehicle overturned (no collision),6,Friday,182,OFF CARRIAGEWAY ON LEFT BEND,VCS,9,81,E,3,5,Dark No street lights,267987,1,3,0,3,0,0,1,5,Not at intersection,3,100,-37.59147,146.236020000000000
682,T20130001721,25/01/2013,20.35.00,2,Struck Pedestrian,6,Friday,109,ANY MANOEUVRE INVOLVING PED NOT INCLUDED IN DCAs 100-108.,MEL,40,17,D,12,2,Dusk/Dawn,257652,2,6,1,2,0,3,1,5,Not at intersection,2,60,-37.74066,144.945460000000000
683,T20130001723,25/01/2013,03.00.00,1,Collision with vehicle,6,Friday,140,U TURN,MEL,40,29,H,6,3,Dark Street lights on,35949,2,5,0,1,0,4,1,2,T intersection,3,60,-37.7643,144.962590000000010
684,T20130001724,26/01/2013,03.10.00,1,Collision with vehicle,7,Saturday,135,LANE CHANGE LEFT (NOT OVERTAKING),MEL,40,67,E,5,3,Dark Street lights on,258121,2,2,1,0,0,1,1,5,Not at intersection,2,60,-37.88936,144.996019999999990
685,T20130001725,22/01/2013,11.45.00,8,No collision and no object struck,3,Tuesday,179,OTHER ACCIDENTS-OFF STRAIGHT NOT INCLUDED IN DCAs 170-175,MEL,40,77,J,7,1,Day,267988,1,1,1,0,0,0,2,2,T intersection,2,50,-37.94273,145.059990000000000
686,T20130001726,26/01/2013,03.15.00,4,Collision with a fixed object,7,Saturday,183,OFF LEFT BEND INTO OBJECT/PARKED VEHICLE,VCS,9,93,F,7,5,Dark No street lights,260833,1,1,0,1,0,0,1,5,Not at intersection,3,80,-38.33001,144.260610000000010
687,T20130001728,25/01/2013,08.19.00,1,Collision with vehicle,6,Friday,130,REAR END(VEHICLES IN SAME LANE),MEL,40,41,H,11,1,Day,267989,2,2,0,1,0,1,1,5,Not at intersection,3,100,-37.82488,144.875769999999990
688,T20130001731,26/01/2013,10.40.00,1,Collision with vehicle,7,Saturday,130,REAR END(VEHICLES IN SAME LANE),MEL,40,91,A,3,1,Day,876,3,3,0,1,0,2,1,1,Cross intersection,3,80,-37.97296,145.242300000000000
689,T20130001734,13/01/2013,13.30.00,4,Collision with a fixed object,1,Sunday,183,OFF LEFT BEND INTO OBJECT/PARKED VEHICLE,VCS,9,424,F,3,1,Day,257647,1,1,1,0,0,0,2,5,Not at intersection,2,999,-37.49235,144.436350000000000
690,T20130001735,25/01/2013,21.30.00,6,Vehicle overturned (no collision),6,Friday,184,OUT OF CONTROL ON CARRIAGEWAY (ON BEND),VCS,9,37,A,4,5,Dark No street lights,257646,1,1,0,1,0,0,1,5,Not at intersection,3,80,-36.15259,147.501530000000000
691,T20130001738,26/01/2013,09.45.00,6,Vehicle overturned (no collision),6,Saturday,182,OFF CARRIAGEWAY ON LEFT BEND,VCS,9,101,C,6,1,Day,278546,1,1,0,1,0,0,1,5,Not at intersection,3,80,-38.75353,143.646189999999990
692,T20130001739,26/01/2013,11.00.00,8,No collision and no object struck,7,Saturday,184,OUT OF CONTROL ON CARRIAGEWAY (ON BEND),VCS,9,63,E,5,1,Day,267990,1,1,0,1,0,0,2,5,Not at intersection,3,999,-37.24961,146.223500000000000
693,T20130001742,23/01/2013,10.00.00,1,Collision with vehicle,4,Wednesday,142,LEAVING PARKING,MEL,40,68,D,2,1,Day,267991,2,2,0,1,0,1,2,5,Not at intersection,3,60,-37.87865,145.035110000000000
694,T20130001745,26/01/2013,12.10.00,1,Collision with vehicle,7,Saturday,121,RIGHT THROUGH,MEL,40,84A,E,2,1,Day,267992,2,4,0,1,0,3,1,5,Not at intersection,3,60,-37.76459,144.925340000000010
695,T20130001747,26/01/2013,12.30.00,4,Collision with a fixed object,7,Saturday,171,LEFT OFF CARRIAGEWAY INTO OBJECT/PARKED VEHICLE,MEL,40,77,G,11,1,Day,257644,1,1,1,0,0,0,1,5,Not at intersection,2,80,-37.95645,145.051210000000000
696,T20130001749,26/01/2013,10.25.00,1,Collision with vehicle,7,Saturday,110,CROSS TRAFFIC(INTERSECTIONS ONLY),MEL,40,87,B,8,1,Day,35607,2,3,1,0,0,2,1,1,Cross intersection,2,60,-37.99112,145.069660000000000
697,T20130001752,15/01/2013,13.00.00,6,Vehicle overturned (no collision),3,Tuesday,180,OFF CARRIAGEWAY ON RIGHT BEND,MEL,40,124,D,1,1,Day,259906,1,1,0,1,0,0,2,2,T intersection,3,999,-37.87531,145.392140000000010
698,T20130001753,26/01/2013,11.00.00,1,Collision with vehicle,7,Saturday,130,REAR END(VEHICLES IN SAME LANE),MEL,40,91A,F,9,1,Day,29716,2,6,0,5,0,1,1,2,T intersection,3,60,-37.99279,145.216080000000010
699,T20130001758,25/01/2013,12.10.00,4,Collision with a fixed object,6,Friday,171,LEFT OFF CARRIAGEWAY INTO OBJECT/PARKED VEHICLE,VCS,9,96,G,2,1,Day,258120,1,1,0,1,0,0,1,5,Not at intersection,3,100,-38.00755,145.884150000000010
700,T20130001759,26/01/2013,12.20.00,1,Collision with vehicle,7,Saturday,153,CUTTING IN (OVERTAKING),MEL,40,193,A,5,1,Day,257677,2,2,0,1,0,1,2,5,Not at intersection,3,80,-38.37593,145.111889999999990