FID,ACCIDENT_N,ACCIDENTDA,ACCIDENTTI,ACCIDENT_T,Accident_T_1,DAY_OF_WEE,Day_Week_D,DCA_CODE,DCA_Descri,DIRECTORY,EDITION,PAGE,GRID_REFER,GRID_REF_1,LIGHT_COND,Light_Cond_1,NODE_ID,NO_OF_VEHI,NO_PERSONS,NO_PERSO_1,NO_PERSO_2,NO_PERSO_3,NO_PERSO_4,POLICE_ATT,ROAD_GEOME,Road_Geome_1,SEVERITY,SPEED_ZONE,Lat,Long
701,T20130001761,26/01/2013,15.05.00,6,Vehicle overturned (no collision),7,Saturday,184,OUT OF CONTROL ON CARRIAGEWAY (ON BEND),MEL,40,88,D,3,1,Day,257643,1,1,1,0,0,0,1,2,T intersection,2,50,-37.97056,145.125959999999990
702,T20130001764,21/01/2013,16.50.00,1,Collision with vehicle,2,Monday,130,REAR END(VEHICLES IN SAME LANE),MEL,40,2H,E,6,1,Day,29447,2,3,0,1,0,2,2,1,Cross intersection,3,40,-37.8195,145.008289999999990
703,T20130001765,26/01/2013,15.00.00,1,Collision with vehicle,7,Saturday,110,CROSS TRAFFIC(INTERSECTIONS ONLY),MEL,40,336,H,10,1,Day,43723,3,4,0,2,0,2,1,1,Cross intersection,3,60,-37.68758,144.567550000000010
704,T20130001767,25/01/2013,18.30.00,1,Collision with vehicle,6,Friday,130,REAR END(VEHICLES IN SAME LANE),MEL,40,129,D,9,1,Day,29761,3,3,0,1,0,2,2,1,Cross intersection,3,80,-38.07999,145.258129999999990
705,T20130001768,26/01/2013,09.48.00,4,Collision with a fixed object,7,Saturday,171,LEFT OFF CARRIAGEWAY INTO OBJECT/PARKED VEHICLE,MEL,40,37,G,4,1,Day,257642,1,1,0,1,0,0,2,5,Not at intersection,3,50,-37.75352,145.314380000000000
706,T20130001775,26/01/2013,18.05.00,8,No collision and no object struck,7,Saturday,180,OFF CARRIAGEWAY ON RIGHT BEND,VCS,9,55,H,4,1,Day,267993,1,1,0,1,0,0,1,5,Not at intersection,3,100,-37.1365,142.431410000000000
707,T20130001777,26/01/2013,16.45.00,4,Collision with a fixed object,7,Saturday,181,OFF RIGHT BEND INTO OBJECT/PARKED VEHICLE,MEL,40,202,E,8,1,Day,67594,1,1,0,0,1,0,1,2,T intersection,1,50,-37.8594,144.684710000000000
708,T20130001778,26/01/2013,18.35.00,1,Collision with vehicle,7,Saturday,120,HEAD ON (NOT OVERTAKING),VCS,9,100,F,5,1,Day,257823,3,10,2,0,0,8,1,5,Not at intersection,2,80,-38.74586,143.273990000000000
709,T20130001779,26/01/2013,19.11.00,2,Struck Pedestrian,7,Saturday,102,FAR SIDE. PED HIT BY VEHICLE FROM THE LEFT,MEL,40,29,K,7,1,Day,36028,1,2,0,2,0,0,1,1,Cross intersection,3,60,-37.76814,144.972309999999990
710,T20130001782,26/01/2013,21.45.00,2,Struck Pedestrian,7,Saturday,102,FAR SIDE. PED HIT BY VEHICLE FROM THE LEFT,MEL,40,465,H,6,3,Dark Street lights on,260617,1,3,1,0,0,2,1,5,Not at intersection,2,70,-38.1991,144.341620000000010
711,T20130001783,26/01/2013,23.05.00,1,Collision with vehicle,7,Saturday,121,RIGHT THROUGH,MEL,40,2E,K,8,3,Dark Street lights on,46621,2,3,0,1,0,2,1,2,T intersection,3,60,-37.82185,144.952190000000000
712,T20130001784,26/01/2013,22.40.00,4,Collision with a fixed object,7,Saturday,173,RIGHT OFF CARRIAGEWAY INTO OBJECT/PARKED VEHICLE,MEL,40,29,J,11,3,Dark Street lights on,35991,1,1,1,0,0,0,1,1,Cross intersection,2,50,-37.77934,144.970519999999990
713,T20130001786,27/01/2013,03.00.00,2,Struck Pedestrian,1,Sunday,100,PED NEAR SIDE. PED HIT BY VEHICLE FROM THE RIGHT.,MEL,40,401,H,4,3,Dark Street lights on,44472,1,2,1,0,0,1,1,1,Cross intersection,2,50,-38.14729,144.360739999999990
714,T20130001790,26/01/2013,23.18.00,1,Collision with vehicle,7,Saturday,121,RIGHT THROUGH,MEL,40,88,J,6,3,Dark Street lights on,53464,2,3,0,1,0,2,1,1,Cross intersection,3,80,-37.98244,145.146170000000010
715,T20130001791,24/01/2013,21.25.00,4,Collision with a fixed object,5,Thursday,179,OTHER ACCIDENTS-OFF STRAIGHT NOT INCLUDED IN DCAs 170-175,MEL,40,69,J,6,6,Dark Street lights unknown,257676,1,2,1,0,0,1,1,5,Not at intersection,2,50,-37.89527,145.100390000000000
716,T20130001792,26/01/2013,01.45.00,4,Collision with a fixed object,7,Saturday,171,LEFT OFF CARRIAGEWAY INTO OBJECT/PARKED VEHICLE,VCS,9,22,C,9,5,Dark No street lights,246940,1,1,1,0,0,0,1,1,Cross intersection,2,60,-35.99906,145.108910000000010
717,T20130001793,26/01/2013,17.15.00,4,Collision with a fixed object,7,Saturday,171,LEFT OFF CARRIAGEWAY INTO OBJECT/PARKED VEHICLE,VCS,9,21,D,4,1,Day,257667,1,1,0,1,0,0,1,5,Not at intersection,3,100,-35.66127,144.157850000000000
718,T20130001796,27/01/2013,08.00.00,4,Collision with a fixed object,1,Sunday,183,OFF LEFT BEND INTO OBJECT/PARKED VEHICLE,VCS,9,417,A,7,1,Day,257645,1,1,0,1,0,0,1,5,Not at intersection,3,100,-37.35048,144.961260000000010
719,T20130001798,27/01/2013,06.50.00,1,Collision with vehicle,1,Sunday,130,REAR END(VEHICLES IN SAME LANE),MEL,40,1B,T,5,1,Day,36967,2,2,0,1,0,1,1,1,Cross intersection,3,40,-37.81209,144.970560000000010
720,T20130001799,27/01/2013,08.10.00,4,Collision with a fixed object,1,Sunday,171,LEFT OFF CARRIAGEWAY INTO OBJECT/PARKED VEHICLE,MEL,40,9,K,10,1,Day,267994,1,1,1,0,0,0,1,5,Not at intersection,2,70,-37.69132,145.063350000000010
721,T20130001800,27/01/2013,09.15.00,6,Vehicle overturned (no collision),1,Sunday,184,OUT OF CONTROL ON CARRIAGEWAY (ON BEND),VCS,9,62,A,4,1,Day,60193,1,1,0,1,0,0,1,2,T intersection,3,100,-37.16089,145.560129999999990
722,T20130001801,27/01/2013,09.25.00,1,Collision with vehicle,0,Sunday,120,HEAD ON (NOT OVERTAKING),MEL,40,2E,F,3,1,Day,36794,2,2,1,0,0,1,1,1,Cross intersection,2,60,-37.81282,144.942960000000000
723,T20130001802,24/01/2013,17.30.00,1,Collision with vehicle,5,Thursday,133,LANE SIDE SWIPE (VEHICLES IN PARALLEL LANES),MEL,40,441,J,3,1,Day,49755,2,3,0,1,0,2,2,1,Cross intersection,3,80,-38.09986,144.345499999999990
724,T20130001807,27/01/2013,09.30.00,2,Struck Pedestrian,1,Sunday,109,ANY MANOEUVRE INVOLVING PED NOT INCLUDED IN DCAs 100-108.,MEL,40,2F,C,1,1,Day,257412,2,2,0,1,0,1,1,5,Not at intersection,3,50,-37.80872,144.958519999999990
725,T20130001811,26/01/2013,18.07.00,4,Collision with a fixed object,7,Saturday,171,LEFT OFF CARRIAGEWAY INTO OBJECT/PARKED VEHICLE,MEL,40,132,B,7,1,Day,257733,1,1,0,1,0,0,1,5,Not at intersection,3,80,-38.11848,145.203049999999990
726,T20130001828,27/01/2013,15.31.00,8,No collision and no object struck,1,Sunday,174,OUT OF CONTROL ON CARRIAGEWAY (ON STRAIGHT),VCS,9,49,G,5,1,Day,267995,1,1,1,0,0,0,1,5,Not at intersection,2,80,-36.69047,146.906270000000010
727,T20130001829,27/01/2013,15.35.00,1,Collision with vehicle,1,Sunday,110,CROSS TRAFFIC(INTERSECTIONS ONLY),MEL,40,80,B,6,1,Day,42542,2,2,0,2,0,0,1,1,Cross intersection,3,50,-37.93878,145.161010000000000
728,T20130001830,27/01/2013,14.30.00,4,Collision with a fixed object,1,Sunday,171,LEFT OFF CARRIAGEWAY INTO OBJECT/PARKED VEHICLE,MEL,40,106,G,10,1,Day,72862,1,1,0,1,0,0,1,2,T intersection,3,90,-38.21794,145.136519999999990
729,T20130001831,27/01/2013,13.40.00,1,Collision with vehicle,1,Sunday,137,LEFT TURN SIDESWIPE,MEL,40,2B,B,8,1,Day,236960,2,2,0,1,0,1,2,1,Cross intersection,3,50,-37.79969,144.957359999999990
730,T20130001832,26/01/2013,16.10.00,1,Collision with vehicle,7,Saturday,120,HEAD ON (NOT OVERTAKING),VCS,9,63,D,7,1,Day,267996,2,2,1,0,0,1,1,5,Not at intersection,2,100,-37.33715,146.132800000000000
731,T20130001836,27/01/2013,19.25.00,1,Collision with vehicle,1,Sunday,110,CROSS TRAFFIC(INTERSECTIONS ONLY),MEL,40,2C,G,1,1,Day,230894,2,2,0,1,0,1,1,1,Cross intersection,3,50,-37.78746,144.990160000000000
732,T20130001837,27/01/2013,15.16.00,4,Collision with a fixed object,1,Sunday,175,OFF END OF ROAD/T-INTERSECTION.,MEL,40,46,C,8,1,Day,257670,1,1,0,1,0,0,1,2,T intersection,3,50,-37.81365,145.076519999999990
733,T20130001840,27/01/2013,15.00.00,1,Collision with vehicle,1,Sunday,130,REAR END(VEHICLES IN SAME LANE),MEL,40,69,G,8,1,Day,41590,2,2,0,1,0,1,2,2,T intersection,3,999,-37.9004,145.092070000000010
734,T20130001844,27/01/2013,21.25.00,4,Collision with a fixed object,1,Sunday,173,RIGHT OFF CARRIAGEWAY INTO OBJECT/PARKED VEHICLE,MEL,40,2H,F,2,3,Dark Street lights on,258122,1,1,1,0,0,0,1,5,Not at intersection,2,60,-37.81146,145.009960000000010
735,T20130001845,27/01/2013,21.15.00,1,Collision with vehicle,1,Sunday,132,RIGHT REAR.,MEL,40,40,H,3,3,Dark Street lights on,38550,2,2,1,1,0,0,1,2,T intersection,2,60,-37.79629,144.833620000000000
736,T20130001849,27/01/2013,23.39.00,1,Collision with vehicle,1,Sunday,150,HEAD ON(OVERTAKING),MEL,40,138,J,1,5,Dark No street lights,267997,3,6,0,1,0,5,1,5,Not at intersection,3,80,-38.13945,145.323049999999990
737,T20130001850,28/01/2013,00.20.00,4,Collision with a fixed object,1,Monday,171,LEFT OFF CARRIAGEWAY INTO OBJECT/PARKED VEHICLE,MEL,40,234,H,3,3,Dark Street lights on,279001,2,1,1,0,0,0,1,1,Cross intersection,2,50,-37.83834,144.656010000000010
738,T20130001855,28/01/2013,04.37.00,1,Collision with vehicle,2,Monday,147,VEHICLE STRIKES ANOTHER VEH WHILE EMERGING FROM DRIVEWAY,MEL,40,17,B,3,3,Dark Street lights on,258722,2,3,0,2,0,1,1,2,T intersection,3,50,-37.70628,144.938470000000000
739,T20130001856,28/01/2013,07.52.00,1,Collision with vehicle,2,Monday,130,REAR END(VEHICLES IN SAME LANE),MEL,40,16,A,5,1,Day,62298,2,2,0,1,0,1,2,2,T intersection,3,999,-37.71338,144.888800000000000
740,T20130001859,28/01/2013,07.30.00,5,collision with some other object,2,Monday,166,STRUCK OBJECT ON CARRIAGEWAY,MEL,40,45,G,7,1,Day,39001,1,1,1,0,0,0,1,1,Cross intersection,2,50,-37.81033,145.049299999999990
741,T20130001860,27/01/2013,19.30.00,3,Struck animal,1,Sunday,167,STRUCK ANIMAL,VCS,9,63,B,7,2,Dusk/Dawn,267998,1,1,0,1,0,0,2,5,Not at intersection,3,100,-37.37111,146.058060000000010
742,T20130001862,27/01/2013,22.15.00,1,Collision with vehicle,1,Sunday,194,PARKED CAR RUN AWAY,VCS,9,607,T,6,3,Dark Street lights on,267999,2,1,0,1,0,0,2,5,Not at intersection,3,50,-36.75933,144.286260000000000
743,T20130001863,28/01/2013,09.10.00,1,Collision with vehicle,2,Monday,121,RIGHT THROUGH,VCS,9,607,U,9,1,Day,51682,2,2,0,2,0,0,1,2,T intersection,3,60,-36.77353,144.290429999999990
744,T20130001864,28/01/2013,07.35.00,1,Collision with vehicle,2,Monday,121,RIGHT THROUGH,VCS,9,597,L,7,1,Day,51396,2,2,1,0,0,1,1,1,Cross intersection,2,50,-36.12888,144.764810000000010
745,T20130001865,28/01/2013,09.40.00,8,No collision and no object struck,2,Monday,172,OFF CARRIAGEWAY TO RIGHT,MEL,40,395,E,1,1,Day,263793,1,1,1,0,0,0,1,2,T intersection,2,60,-37.56707,145.307040000000000
746,T20130001867,28/01/2013,08.40.00,1,Collision with vehicle,2,Monday,120,HEAD ON (NOT OVERTAKING),VCS,9,428,J,6,1,Day,268000,2,2,1,0,0,1,1,5,Not at intersection,2,60,-37.55963,145.323479999999990
747,T20130001868,28/01/2013,11.27.00,2,Struck Pedestrian,2,Monday,104,PED WALKING WITH TRAFFIC,MEL,40,104,G,9,1,Day,258513,1,2,1,1,0,0,1,2,T intersection,2,60,-38.21329,145.051230000000000
748,T20130001869,27/01/2013,12.00.00,1,Collision with vehicle,1,Sunday,163,VEHICLE STRIKES DOOR OF PARKED/STATIONARY VEHICLE,MEL,40,2L,J,7,1,Day,268001,2,2,1,0,0,1,2,5,Not at intersection,2,40,-37.84248,144.995020000000010
749,T20130001870,28/01/2013,10.40.00,1,Collision with vehicle,2,Monday,130,REAR END(VEHICLES IN SAME LANE),MEL,40,6,J,9,1,Day,44550,2,4,0,1,0,3,1,1,Cross intersection,3,60,-37.68613,144.926830000000000
750,T20130001874,28/01/2013,12.27.00,1,Collision with vehicle,2,Monday,121,RIGHT THROUGH,MEL,40,2C,F,5,1,Day,65003,2,2,0,1,0,1,1,1,Cross intersection,3,40,-37.79405,144.988210000000010
751,T20130001875,27/01/2013,22.20.00,1,Collision with vehicle,1,Sunday,130,REAR END(VEHICLES IN SAME LANE),VCS,9,35,D,3,5,Dark No street lights,268002,2,3,0,3,0,0,1,5,Not at intersection,3,110,-36.08903,146.713110000000000
752,T20130001880,28/01/2013,13.15.00,8,No collision and no object struck,2,Monday,184,OUT OF CONTROL ON CARRIAGEWAY (ON BEND),VCS,9,415,C,7,1,Day,258021,1,1,1,0,0,0,1,5,Not at intersection,2,80,-37.34814,144.605580000000000
753,T20130001881,27/01/2013,17.00.00,1,Collision with vehicle,1,Sunday,130,REAR END(VEHICLES IN SAME LANE),MEL,40,29,G,7,1,Day,258019,2,2,0,1,0,1,2,5,Not at intersection,3,40,-37.7667,144.962179999999990
754,T20130001882,28/01/2013,11.22.00,1,Collision with vehicle,2,Monday,130,REAR END(VEHICLES IN SAME LANE),MEL,40,14,F,4,1,Day,257666,2,2,0,1,0,1,1,5,Not at intersection,3,80,-37.71023,144.825449999999990
755,T20130001890,27/01/2013,18.00.00,1,Collision with vehicle,1,Sunday,120,HEAD ON (NOT OVERTAKING),VCS,9,83,C,6,1,Day,268003,2,3,1,0,0,2,1,5,Not at intersection,2,100,-37.80333,147.106249999999990
756,T20130001891,28/01/2013,14.15.00,8,No collision and no object struck,2,Monday,174,OUT OF CONTROL ON CARRIAGEWAY (ON STRAIGHT),VCS,9,96,E,3,1,Day,257664,1,1,1,0,0,0,1,5,Not at intersection,2,100,-38.06474,145.801809999999990
757,T20130001894,13/01/2013,11.30.00,6,Vehicle overturned (no collision),1,Sunday,171,LEFT OFF CARRIAGEWAY INTO OBJECT/PARKED VEHICLE,VCS,9,80,C,7,1,Day,257826,1,5,0,1,0,4,2,5,Not at intersection,3,80,-37.85421,145.669829999999990
758,T20130001896,28/01/2013,14.00.00,1,Collision with vehicle,2,Monday,121,RIGHT THROUGH,MEL,40,90,A,8,1,Day,43000,2,3,0,1,0,2,1,2,T intersection,3,60,-37.98974,145.198980000000010
759,T20130001899,28/01/2013,17.30.00,1,Collision with vehicle,2,Monday,134,LANE CHANGE RIGHT (NOT OVERTAKING),MEL,40,10,D,1,1,Day,268004,2,2,1,0,0,1,1,2,T intersection,2,80,-37.65551,145.081510000000010
760,T20130001904,28/01/2013,18.30.00,1,Collision with vehicle,1,Monday,130,REAR END(VEHICLES IN SAME LANE),MEL,40,80,H,2,1,Day,34171,2,2,1,0,0,1,1,1,Cross intersection,2,80,-37.92207,145.186180000000010
761,T20130001906,23/01/2013,18.00.00,8,No collision and no object struck,4,Wednesday,174,OUT OF CONTROL ON CARRIAGEWAY (ON STRAIGHT),VCS,9,59,F,2,1,Day,51779,1,1,0,1,0,0,2,1,Cross intersection,3,999,-37.02541,144.279460000000000
762,T20130001910,28/01/2013,19.00.00,1,Collision with vehicle,2,Monday,130,REAR END(VEHICLES IN SAME LANE),MEL,40,200,G,12,2,Dusk/Dawn,268005,3,5,0,2,0,3,1,5,Not at intersection,3,100,-37.99076,144.516520000000010
763,T20130001914,28/01/2013,20.55.00,8,No collision and no object struck,2,Monday,174,OUT OF CONTROL ON CARRIAGEWAY (ON STRAIGHT),MEL,40,53,F,10,3,Dark Street lights on,39881,1,1,1,0,0,0,1,1,Cross intersection,2,60,-37.86551,144.778359999999990
764,T20130001916,28/01/2013,15.45.00,1,Collision with vehicle,2,Monday,160,VEHICLE COLLIDES WITH VEHICLE PARKED ON LEFT OF ROAD,MEL,40,70,B,5,1,Day,257663,2,4,0,1,0,3,1,5,Not at intersection,3,50,-37.8892,145.117680000000010
765,T20130001917,28/01/2013,19.55.00,1,Collision with vehicle,1,Monday,113,RIGHT NEAR (INTERSECTIONS ONLY),MEL,40,28,F,1,2,Dusk/Dawn,10410,2,3,1,1,0,1,1,4,Multiple intersection,2,60,-37.74442,144.909989999999990
766,T20130001918,28/01/2013,21.52.00,6,Vehicle overturned (no collision),2,Monday,184,OUT OF CONTROL ON CARRIAGEWAY (ON BEND),MEL,40,96,J,11,3,Dark Street lights on,258123,1,5,0,3,0,2,1,5,Not at intersection,3,50,-38.04549,145.278570000000000
767,T20130001919,22/01/2013,17.45.00,1,Collision with vehicle,3,Tuesday,130,REAR END(VEHICLES IN SAME LANE),MEL,40,466,J,1,1,Day,44490,4,4,0,1,0,3,2,1,Cross intersection,3,60,-38.18115,144.389450000000010
768,T20130001926,29/01/2013,00.15.00,4,Collision with a fixed object,3,Tuesday,181,OFF RIGHT BEND INTO OBJECT/PARKED VEHICLE,MEL,40,19,K,7,3,Dark Street lights on,268016,1,1,0,1,0,0,1,2,T intersection,3,50,-37.72158,145.061420000000000
769,T20130001930,25/01/2013,11.30.00,1,Collision with vehicle,6,Friday,121,RIGHT THROUGH,MEL,40,89,H,1,1,Day,42965,2,2,1,0,0,1,1,2,T intersection,2,60,-37.96288,145.187950000000000
770,T20130001936,28/01/2013,19.00.00,8,No collision and no object struck,2,Monday,180,OFF CARRIAGEWAY ON RIGHT BEND,VCS,9,429,C,2,2,Dusk/Dawn,268017,2,2,1,0,0,1,1,5,Not at intersection,2,100,-37.48317,145.419099999999990
771,T20130001937,3/01/2013,05.20.00,1,Collision with vehicle,5,Thursday,121,RIGHT THROUGH,MEL,40,53,E,4,2,Dusk/Dawn,114307,2,2,1,0,0,1,1,2,T intersection,2,80,-37.84247,144.773079999999990
772,T20130001939,29/01/2013,07.00.00,1,Collision with vehicle,3,Tuesday,132,RIGHT REAR.,MEL,40,261,D,3,1,Day,257662,2,2,0,1,0,1,1,5,Not at intersection,3,90,-38.45623,144.989820000000010
773,T20130001942,28/01/2013,18.40.00,1,Collision with vehicle,2,Monday,110,CROSS TRAFFIC(INTERSECTIONS ONLY),MEL,40,514,F,6,1,Day,50368,2,2,0,1,0,1,2,1,Cross intersection,3,50,-38.40519,144.188950000000010
774,T20130001946,28/01/2013,13.30.00,8,No collision and no object struck,2,Monday,184,OUT OF CONTROL ON CARRIAGEWAY (ON BEND),VCS,9,80,C,9,1,Day,268018,1,1,1,0,0,0,2,5,Not at intersection,2,80,-37.94627,145.654860000000010
775,T20130001950,28/01/2013,19.40.00,4,Collision with a fixed object,2,Monday,173,RIGHT OFF CARRIAGEWAY INTO OBJECT/PARKED VEHICLE,MEL,40,64,C,8,2,Dusk/Dawn,40927,1,1,1,0,0,0,1,1,Cross intersection,2,50,-37.85715,145.253260000000010
776,T20130001952,28/01/2013,14.30.00,4,Collision with a fixed object,2,Monday,181,OFF RIGHT BEND INTO OBJECT/PARKED VEHICLE,VCS,9,80,E,8,1,Day,268019,1,1,1,0,0,0,1,5,Not at intersection,2,100,-37.87779,145.784750000000000
777,T20130001953,29/01/2013,07.10.00,4,Collision with a fixed object,3,Tuesday,181,OFF RIGHT BEND INTO OBJECT/PARKED VEHICLE,MEL,40,665,B,7,1,Day,277124,1,2,1,0,0,1,1,5,Not at intersection,2,100,-37.4471,144.981400000000010
778,T20130001954,28/01/2013,13.50.00,2,Struck Pedestrian,2,Monday,107,PED ON FOOTHPATH STRUCK BY VEHENTERING/LEAVING DRIVEWAY.,MEL,40,68,C,2,1,Day,257829,1,2,1,0,0,1,2,5,Not at intersection,2,50,-37.87879,145.032659999999990
779,T20130001958,27/01/2013,02.20.00,4,Collision with a fixed object,1,Sunday,173,RIGHT OFF CARRIAGEWAY INTO OBJECT/PARKED VEHICLE,MEL,40,2G,F,9,3,Dark Street lights on,55166,2,3,0,1,0,2,2,2,T intersection,3,999,-37.82341,144.989049999999990
780,T20130001959,25/01/2013,21.30.00,8,No collision and no object struck,6,Friday,174,OUT OF CONTROL ON CARRIAGEWAY (ON STRAIGHT),MEL,40,92,E,1,6,Dark Street lights unknown,257673,2,2,0,1,0,1,2,5,Not at intersection,3,999,-38.00695,145.083760000000010
781,T20130001964,29/01/2013,11.33.00,1,Collision with vehicle,3,Tuesday,121,RIGHT THROUGH,MEL,40,27,E,8,1,Day,45159,2,2,1,0,0,1,1,1,Cross intersection,2,60,-37.76842,144.864640000000010
782,T20130001967,29/01/2013,07.14.00,4,Collision with a fixed object,3,Tuesday,181,OFF RIGHT BEND INTO OBJECT/PARKED VEHICLE,MEL,40,22,C,8,1,Day,257577,1,1,0,1,0,0,1,5,Not at intersection,3,50,-37.72488,145.165200000000000
783,T20130001969,29/01/2013,12.50.00,1,Collision with vehicle,3,Tuesday,130,REAR END(VEHICLES IN SAME LANE),MEL,40,454,H,11,1,Day,49120,2,2,0,1,0,1,1,2,T intersection,3,70,-38.17659,144.476490000000010
784,T20130001970,29/01/2013,09.15.00,1,Collision with vehicle,3,Tuesday,121,RIGHT THROUGH,MEL,40,160,A,4,1,Day,45964,2,2,0,1,0,1,2,2,T intersection,3,60,-38.32843,144.976990000000000
785,T20130001971,29/01/2013,13.05.00,1,Collision with vehicle,3,Tuesday,121,RIGHT THROUGH,MEL,40,77,H,12,1,Day,221904,2,3,0,3,0,0,1,5,Not at intersection,3,80,-37.95903,145.053059999999990
786,T20130001973,7/01/2013,08.10.00,8,No collision and no object struck,1,Monday,199,UNKNOWN-NO DETAILS ON MANOEUVRES OF ROAD-USERS IN ACCIDENT,VCS,9,565,U,3,1,Day,257830,1,1,0,1,0,0,2,2,T intersection,3,50,-37.5394,143.836630000000010
787,T20130001974,29/01/2013,12.45.00,6,Vehicle overturned (no collision),3,Tuesday,170,OFF CARRIAGEWAY TO LEFT,VCS,9,31,D,6,1,Day,268020,1,2,2,0,0,0,1,5,Not at intersection,2,100,-36.26245,144.739929999999990
788,T20130001978,27/01/2013,15.55.00,8,No collision and no object struck,1,Sunday,182,OFF CARRIAGEWAY ON LEFT BEND,VCS,9,50,C,5,1,Day,268021,1,1,0,1,0,0,1,5,Not at intersection,3,100,-36.71734,147.093410000000010
789,T20130001979,27/01/2013,20.00.00,8,No collision and no object struck,0,Sunday,174,OUT OF CONTROL ON CARRIAGEWAY (ON STRAIGHT),MEL,40,2C,J,5,2,Dusk/Dawn,11171,1,1,1,0,0,0,2,4,Multiple intersection,2,60,-37.79459,144.993920000000000
790,T20130001981,29/01/2013,14.35.00,1,Collision with vehicle,3,Tuesday,121,RIGHT THROUGH,MEL,40,77,E,1,1,Day,29677,2,3,0,1,0,2,1,1,Cross intersection,3,60,-37.91884,145.041680000000010
791,T20130001985,29/01/2013,14.20.00,1,Collision with vehicle,3,Tuesday,132,RIGHT REAR.,MEL,40,67,J,4,1,Day,41230,2,3,2,0,0,1,1,1,Cross intersection,2,60,-37.88603,145.014950000000000
792,T20130001986,29/01/2013,10.25.00,1,Collision with vehicle,3,Tuesday,130,REAR END(VEHICLES IN SAME LANE),MEL,40,68,G,1,1,Day,57918,2,2,1,0,0,1,2,1,Cross intersection,2,70,-37.87813,145.047630000000000
793,T20130001988,28/01/2013,18.00.00,1,Collision with vehicle,2,Monday,120,HEAD ON (NOT OVERTAKING),VCS,9,81,E,7,1,Day,257575,2,2,1,0,0,1,1,5,Not at intersection,2,100,-37.83117,146.191689999999990
794,T20130001990,29/01/2013,17.35.00,1,Collision with vehicle,3,Tuesday,130,REAR END(VEHICLES IN SAME LANE),MEL,40,19,A,6,1,Day,44447,3,3,0,2,0,1,1,1,Cross intersection,3,60,-37.71936,145.021269999999990
795,T20130001992,29/01/2013,16.20.00,4,Collision with a fixed object,3,Tuesday,171,LEFT OFF CARRIAGEWAY INTO OBJECT/PARKED VEHICLE,VCS,9,417,A,6,1,Day,268022,1,1,0,1,0,0,1,5,Not at intersection,3,100,-37.32906,144.958049999999990
796,T20130001994,27/01/2013,08.20.00,8,No collision and no object struck,1,Sunday,174,OUT OF CONTROL ON CARRIAGEWAY (ON STRAIGHT),VCS,9,566,D,7,1,Day,52838,1,1,1,0,0,0,2,1,Cross intersection,2,60,-37.55737,143.855430000000010
797,T20130001997,29/01/2013,18.30.00,1,Collision with vehicle,3,Tuesday,140,U TURN,MEL,40,27,F,11,1,Day,47655,3,4,1,0,0,3,1,2,T intersection,2,50,-37.78153,144.868069999999990
798,T20130001999,29/01/2013,19.02.00,1,Collision with vehicle,3,Tuesday,130,REAR END(VEHICLES IN SAME LANE),MEL,40,17,H,11,1,Day,883,3,3,0,1,0,2,1,1,Cross intersection,3,60,-37.73776,144.966950000000000
799,T20130002000,29/01/2013,18.38.00,1,Collision with vehicle,3,Tuesday,132,RIGHT REAR.,MEL,40,59,F,3,1,Day,40365,3,4,0,1,0,3,1,2,T intersection,3,60,-37.84067,145.045809999999990