FID,ACCIDENT_N,ACCIDENTDA,ACCIDENTTI,ACCIDENT_T,Accident_T_1,DAY_OF_WEE,Day_Week_D,DCA_CODE,DCA_Descri,DIRECTORY,EDITION,PAGE,GRID_REFER,GRID_REF_1,LIGHT_COND,Light_Cond_1,NODE_ID,NO_OF_VEHI,NO_PERSONS,NO_PERSO_1,NO_PERSO_2,NO_PERSO_3,NO_PERSO_4,POLICE_ATT,ROAD_GEOME,Road_Geome_1,SEVERITY,SPEED_ZONE,Lat,Long
800,T20130002002,29/01/2013,17.20.00,1,Collision with vehicle,3,Tuesday,110,CROSS TRAFFIC(INTERSECTIONS ONLY),MEL,40,2B,G,9,1,Day,36353,2,2,0,1,0,1,1,1,Cross intersection,3,50,-37.80298,144.968050000000010
801,T20130002004,29/01/2013,17.45.00,1,Collision with vehicle,3,Tuesday,143,ENTERING PARKING,MEL,40,2B,H,6,1,Day,257573,2,2,1,0,0,1,1,5,Not at intersection,2,60,-37.79754,144.971010000000010
802,T20130002005,29/01/2013,19.45.00,1,Collision with vehicle,3,Tuesday,163,VEHICLE STRIKES DOOR OF PARKED/STATIONARY VEHICLE,MEL,40,2H,E,6,1,Day,258895,4,6,0,1,0,5,1,5,Not at intersection,3,60,-37.81939,145.007150000000000
803,T20130002006,29/01/2013,20.18.00,4,Collision with a fixed object,3,Tuesday,173,RIGHT OFF CARRIAGEWAY INTO OBJECT/PARKED VEHICLE,MEL,40,1A,J,1,2,Dusk/Dawn,257567,1,1,0,1,0,0,1,5,Not at intersection,3,40,-37.81092,144.959300000000010
804,T20130002008,26/01/2013,23.30.00,6,Vehicle overturned (no collision),7,Saturday,184,OUT OF CONTROL ON CARRIAGEWAY (ON BEND),MEL,40,456,H,11,3,Dark Street lights on,260748,1,1,1,0,0,0,1,5,Not at intersection,2,60,-38.1773,144.565310000000010
805,T20130002009,29/01/2013,20.30.00,1,Collision with vehicle,3,Tuesday,140,U TURN,MEL,40,203,H,3,2,Dusk/Dawn,257578,2,4,0,2,0,2,1,5,Not at intersection,3,70,-37.83901,144.741989999999990
806,T20130002010,29/01/2013,19.32.00,2,Struck Pedestrian,3,Tuesday,102,FAR SIDE. PED HIT BY VEHICLE FROM THE LEFT,MEL,40,2G,E,2,1,Day,257572,1,3,0,2,0,1,1,5,Not at intersection,3,50,-37.81069,144.985999999999990
807,T20130002011,29/01/2013,19.40.00,4,Collision with a fixed object,3,Tuesday,181,OFF RIGHT BEND INTO OBJECT/PARKED VEHICLE,MEL,40,63,K,1,1,Day,260524,4,3,0,1,0,2,1,5,Not at intersection,3,70,-37.83235,145.241620000000010
808,T20130002012,29/01/2013,06.00.00,4,Collision with a fixed object,3,Tuesday,171,LEFT OFF CARRIAGEWAY INTO OBJECT/PARKED VEHICLE,MEL,40,28,E,12,2,Dusk/Dawn,190323,1,2,1,1,0,0,1,5,Not at intersection,2,60,-37.78537,144.905260000000000
809,T20130002015,29/01/2013,23.45.00,1,Collision with vehicle,3,Tuesday,154,PULLING OUT -REAR END,MEL,40,26,B,7,5,Dark No street lights,268024,2,2,0,1,0,1,1,5,Not at intersection,3,80,-37.76758,144.804710000000000
810,T20130002018,30/01/2013,00.30.00,4,Collision with a fixed object,4,Wednesday,171,LEFT OFF CARRIAGEWAY INTO OBJECT/PARKED VEHICLE,MEL,40,142,F,6,5,Dark No street lights,268025,1,1,1,0,0,0,1,5,Not at intersection,2,80,-38.2033,145.310329999999990
811,T20130002026,28/01/2013,15.50.00,1,Collision with vehicle,2,Monday,140,U TURN,MEL,40,382,A,2,1,Day,257620,2,4,0,2,0,2,1,2,T intersection,3,60,-37.57278,144.715319999999990
812,T20130002030,11/01/2013,18.00.00,8,No collision and no object struck,6,Friday,174,OUT OF CONTROL ON CARRIAGEWAY (ON STRAIGHT),MEL,40,45,C,6,1,Day,38901,1,1,0,1,0,0,2,2,T intersection,3,999,-37.80686,145.030640000000010
813,T20130002033,29/01/2013,19.00.00,1,Collision with vehicle,3,Tuesday,148,VEHICLE OFF FOOTPATH STRIKES VEH ON CARRIAGEWAY,MEL,40,71,E,9,1,Day,41819,2,2,0,1,0,1,2,2,T intersection,3,50,-37.90481,145.173579999999990
814,T20130002036,25/01/2013,02.50.00,3,Struck animal,6,Friday,167,STRUCK ANIMAL,VCS,9,32,E,7,5,Dark No street lights,257883,1,1,0,1,0,0,2,5,Not at intersection,3,100,-36.37237,145.191900000000000
815,T20130002039,30/01/2013,08.20.00,1,Collision with vehicle,4,Wednesday,110,CROSS TRAFFIC(INTERSECTIONS ONLY),MEL,40,79,E,5,1,Day,42442,2,2,0,1,0,1,1,1,Cross intersection,3,60,-37.93546,145.131059999999990
816,T20130002043,30/01/2013,10.31.00,1,Collision with vehicle,4,Wednesday,121,RIGHT THROUGH,MEL,40,69,D,4,1,Day,57544,2,3,2,0,0,1,1,1,Cross intersection,2,60,-37.88703,145.078200000000010
817,T20130002045,30/01/2013,12.10.00,1,Collision with vehicle,4,Wednesday,113,RIGHT NEAR (INTERSECTIONS ONLY),MEL,40,215,K,5,1,Day,254738,2,2,0,2,0,0,1,2,T intersection,3,80,-38.06426,145.464090000000000
818,T20130002048,30/01/2013,12.40.00,2,Struck Pedestrian,4,Wednesday,100,PED NEAR SIDE. PED HIT BY VEHICLE FROM THE RIGHT.,MEL,40,2P,D,5,1,Day,35497,1,2,0,1,0,1,1,1,Cross intersection,3,60,-37.86045,144.984090000000010
819,T20130002051,30/01/2013,13.35.00,1,Collision with vehicle,4,Wednesday,163,VEHICLE STRIKES DOOR OF PARKED/STATIONARY VEHICLE,MEL,40,2P,H,1,1,Day,90850,3,3,1,0,0,2,1,5,Not at intersection,2,40,-37.85305,144.993150000000010
820,T20130002053,27/01/2013,22.00.00,1,Collision with vehicle,1,Sunday,147,VEHICLE STRIKES ANOTHER VEH WHILE EMERGING FROM DRIVEWAY,MEL,40,2A,A,1,3,Dark Street lights on,128433,2,2,0,1,0,1,2,5,Not at intersection,3,60,-37.78837,144.932459999999990
821,T20130002054,29/01/2013,17.12.00,2,Struck Pedestrian,3,Tuesday,100,PED NEAR SIDE. PED HIT BY VEHICLE FROM THE RIGHT.,MEL,40,88,H,12,1,Day,54153,1,2,1,0,0,1,1,2,T intersection,2,80,-38.00311,145.142280000000000
822,T20130002057,30/01/2013,15.15.00,4,Collision with a fixed object,4,Wednesday,171,LEFT OFF CARRIAGEWAY INTO OBJECT/PARKED VEHICLE,VCS,9,613,M,2,1,Day,257900,3,3,0,1,0,2,1,2,T intersection,3,50,-36.79263,144.244360000000000
823,T20130002058,30/01/2013,13.00.00,1,Collision with vehicle,4,Wednesday,121,RIGHT THROUGH,MEL,40,2P,C,3,1,Day,40096,2,4,0,2,0,2,1,1,Cross intersection,3,50,-37.85798,144.980390000000000
824,T20130002063,30/01/2013,16.51.00,1,Collision with vehicle,4,Wednesday,142,LEAVING PARKING,MEL,40,2A,J,10,1,Day,257569,2,2,1,0,0,1,1,5,Not at intersection,2,60,-37.80318,144.950780000000010
825,T20130002065,30/01/2013,12.25.00,1,Collision with vehicle,4,Wednesday,130,REAR END(VEHICLES IN SAME LANE),MEL,40,96,F,9,1,Day,43287,2,2,0,1,0,1,2,1,Cross intersection,3,999,-38.03568,145.267159999999990
826,T20130002066,30/01/2013,16.40.00,1,Collision with vehicle,4,Wednesday,163,VEHICLE STRIKES DOOR OF PARKED/STATIONARY VEHICLE,MEL,40,95,D,5,1,Day,257837,3,3,1,0,0,2,1,5,Not at intersection,2,80,-38.02404,145.213460000000000
827,T20130002067,30/01/2013,16.50.00,1,Collision with vehicle,4,Wednesday,130,REAR END(VEHICLES IN SAME LANE),MEL,40,87,F,2,1,Day,57595,2,3,0,1,0,2,1,2,T intersection,3,70,-37.9697,145.090730000000010
828,T20130002069,30/01/2013,17.20.00,1,Collision with vehicle,4,Wednesday,130,REAR END(VEHICLES IN SAME LANE),MEL,40,36,B,9,1,Day,257838,2,2,0,1,0,1,1,5,Not at intersection,3,60,-37.77318,145.247919999999990
829,T20130002070,30/01/2013,17.25.00,1,Collision with vehicle,4,Wednesday,140,U TURN,MEL,40,2T,A,12,1,Day,260535,2,2,1,0,0,1,1,5,Not at intersection,2,60,-37.80692,144.911100000000000
830,T20130002071,30/01/2013,16.05.00,8,No collision and no object struck,4,Wednesday,174,OUT OF CONTROL ON CARRIAGEWAY (ON STRAIGHT),MEL,40,68,F,12,1,Day,257840,1,1,1,0,0,0,1,5,Not at intersection,2,50,-37.91833,145.046590000000010
831,T20130002075,20/01/2013,12.30.00,6,Vehicle overturned (no collision),1,Sunday,184,OUT OF CONTROL ON CARRIAGEWAY (ON BEND),VCS,9,59,F,7,1,Day,257639,1,1,0,1,0,0,2,3,Y intersection,3,100,-37.37041,144.310480000000010
832,T20130002076,30/01/2013,17.30.00,4,Collision with a fixed object,4,Wednesday,171,LEFT OFF CARRIAGEWAY INTO OBJECT/PARKED VEHICLE,VCS,9,589,O,10,1,Day,268026,1,1,1,0,0,0,1,5,Not at intersection,2,50,-36.37449,142.986520000000010
833,T20130002078,30/01/2013,15.00.00,6,Vehicle overturned (no collision),4,Wednesday,179,OTHER ACCIDENTS-OFF STRAIGHT NOT INCLUDED IN DCAs 170-175,MEL,40,38,F,5,1,Day,38483,1,1,0,1,0,0,2,2,T intersection,3,50,-37.75756,145.353370000000010
834,T20130002082,28/01/2013,15.50.00,1,Collision with vehicle,2,Monday,130,REAR END(VEHICLES IN SAME LANE),MEL,40,58,H,8,1,Day,268027,2,4,1,0,0,3,1,5,Not at intersection,2,60,-37.85851,145.010820000000000
835,T20130002086,31/01/2013,03.50.00,4,Collision with a fixed object,5,Thursday,171,LEFT OFF CARRIAGEWAY INTO OBJECT/PARKED VEHICLE,MEL,40,90,A,2,3,Dark Street lights on,257842,1,1,0,1,0,0,1,5,Not at intersection,3,60,-37.96852,145.202100000000000
836,T20130002088,31/01/2013,06.55.00,1,Collision with vehicle,5,Thursday,130,REAR END(VEHICLES IN SAME LANE),MEL,40,49,J,7,2,Dusk/Dawn,258812,2,2,1,0,0,1,1,5,Not at intersection,2,80,-37.81088,145.236220000000000
837,T20130002090,28/01/2013,14.30.00,1,Collision with vehicle,2,Monday,140,U TURN,MEL,40,281,K,1,1,Day,260072,2,3,0,2,0,1,1,5,Not at intersection,3,100,-37.70007,145.417779999999990
838,T20130002091,31/01/2013,08.35.00,2,Struck Pedestrian,5,Thursday,100,PED NEAR SIDE. PED HIT BY VEHICLE FROM THE RIGHT.,MEL,40,317,C,8,1,Day,230504,1,2,0,1,0,1,2,2,T intersection,3,60,-38.07785,145.473899999999990
839,T20130002093,29/01/2013,17.00.00,5,collision with some other object,3,Tuesday,191,LOAD OR MISSILE STRUCK VEHICLE,MEL,40,292,F,2,5,Dark No street lights,257843,1,1,0,1,0,0,2,5,Not at intersection,3,80,-37.71776,145.794450000000010
840,T20130002094,28/01/2013,14.20.00,1,Collision with vehicle,2,Monday,120,HEAD ON (NOT OVERTAKING),VCS,9,439,K,2,1,Day,33733,2,3,0,1,0,2,1,5,Not at intersection,3,80,-37.69675,145.559110000000000
841,T20130002095,3/01/2013,10.00.00,2,Struck Pedestrian,5,Thursday,103,PED PLAYING/LYING/WORKING/STANDING ON CARRIAGEWAY.,MEL,40,2T,D,5,1,Day,257975,2,3,0,2,0,1,2,1,Cross intersection,3,50,-37.79434,144.917000000000000
842,T20130002096,30/01/2013,10.45.00,1,Collision with vehicle,4,Wednesday,121,RIGHT THROUGH,MEL,40,484,A,11,1,Day,15455,2,2,0,1,0,1,2,2,T intersection,3,80,-38.26296,144.534480000000000
843,T20130002097,31/01/2013,07.07.00,4,Collision with a fixed object,5,Thursday,171,LEFT OFF CARRIAGEWAY INTO OBJECT/PARKED VEHICLE,MEL,40,178,C,6,1,Day,259203,1,1,0,1,0,0,1,5,Not at intersection,3,100,-37.63147,144.854060000000000
844,T20130002098,31/01/2013,09.20.00,2,Struck Pedestrian,5,Thursday,102,FAR SIDE. PED HIT BY VEHICLE FROM THE LEFT,MEL,40,2C,G,5,1,Day,45699,1,2,0,1,0,1,1,2,T intersection,3,60,-37.79425,144.989960000000000
845,T20130002105,31/01/2013,08.00.00,1,Collision with vehicle,5,Thursday,110,CROSS TRAFFIC(INTERSECTIONS ONLY),VCS,9,424,D,13,1,Day,34656,2,2,1,1,0,0,1,1,Cross intersection,2,100,-37.66379,144.386770000000010
846,T20130002109,31/01/2013,10.24.00,2,Struck Pedestrian,5,Thursday,108,PED STRUCK WALKING TO/FROM OR BOARDING/ALIGHTING VEHICLE.,MEL,40,432,C,10,1,Day,257637,1,2,0,1,0,1,1,5,Not at intersection,3,777,-38.08276,144.364569999999990
847,T20130002115,31/01/2013,09.10.00,1,Collision with vehicle,5,Thursday,121,RIGHT THROUGH,MEL,40,67,J,3,1,Day,41229,2,2,0,1,0,1,1,1,Cross intersection,3,50,-37.88497,145.015160000000010
848,T20130002116,30/01/2013,17.00.00,8,No collision and no object struck,4,Wednesday,174,OUT OF CONTROL ON CARRIAGEWAY (ON STRAIGHT),MEL,40,51,G,9,1,Day,39832,1,1,0,1,0,0,2,1,Cross intersection,3,80,-37.81816,145.316810000000000
849,T20130002117,30/01/2013,19.30.00,1,Collision with vehicle,4,Wednesday,130,REAR END(VEHICLES IN SAME LANE),MEL,40,31,E,2,2,Dusk/Dawn,268029,2,4,0,3,0,1,2,5,Not at intersection,3,999,-37.74963,145.041349999999990
850,T20130002118,31/01/2013,12.30.00,1,Collision with vehicle,5,Thursday,110,CROSS TRAFFIC(INTERSECTIONS ONLY),VCS,9,679,O,5,1,Day,57179,2,2,0,2,0,0,1,1,Cross intersection,3,50,-37.05624,146.084560000000010
851,T20130002119,26/01/2013,04.00.00,2,Struck Pedestrian,7,Saturday,102,FAR SIDE. PED HIT BY VEHICLE FROM THE LEFT,MEL,40,205,J,9,3,Dark Street lights on,268030,1,2,0,2,0,0,1,5,Not at intersection,3,60,-37.90364,144.659770000000010
852,T20130002120,31/01/2013,12.50.00,1,Collision with vehicle,4,Thursday,121,RIGHT THROUGH,MEL,40,15,B,8,1,Day,29863,2,4,0,1,0,3,1,4,Multiple intersection,3,60,-37.72537,144.849619999999990
853,T20130002122,31/01/2013,13.00.00,8,No collision and no object struck,4,Thursday,174,OUT OF CONTROL ON CARRIAGEWAY (ON STRAIGHT),MEL,40,107,E,11,1,Day,257903,1,1,0,1,0,0,2,5,Not at intersection,3,60,-38.22076,145.173540000000000
854,T20130002127,31/01/2013,13.40.00,1,Collision with vehicle,5,Thursday,121,RIGHT THROUGH,MEL,40,202,F,2,1,Day,48841,2,5,1,0,0,4,1,1,Cross intersection,2,60,-37.83446,144.691059999999990
855,T20130002129,31/01/2013,14.18.00,1,Collision with vehicle,5,Thursday,121,RIGHT THROUGH,MEL,40,71,B,10,1,Day,41786,2,2,1,0,0,1,1,1,Cross intersection,2,70,-37.91088,145.160050000000010
856,T20130002130,29/01/2013,20.40.00,1,Collision with vehicle,3,Tuesday,147,VEHICLE STRIKES ANOTHER VEH WHILE EMERGING FROM DRIVEWAY,MEL,40,2N,H,4,2,Dusk/Dawn,2425,2,2,0,1,0,1,2,5,Not at intersection,3,60,-37.85892,144.970620000000000
857,T20130002134,31/01/2013,12.10.00,1,Collision with vehicle,5,Thursday,116,LEFT NEAR (INTERSECTIONS ONLY),MEL,40,89,E,10,1,Day,57726,2,2,0,1,0,1,1,1,Cross intersection,3,60,-37.99884,145.174470000000010
858,T20130002138,31/01/2013,14.55.00,4,Collision with a fixed object,5,Thursday,181,OFF RIGHT BEND INTO OBJECT/PARKED VEHICLE,MEL,40,442,A,6,1,Day,257579,1,2,0,2,0,0,1,5,Not at intersection,3,70,-38.1133,144.354930000000000
859,T20130002139,5/01/2013,10.20.00,3,Struck animal,7,Saturday,167,STRUCK ANIMAL,MEL,40,100,A,12,1,Day,43405,1,1,0,1,0,0,2,2,T intersection,3,60,-38.13626,145.154290000000000
860,T20130002141,31/01/2013,15.47.00,1,Collision with vehicle,5,Thursday,140,U TURN,MEL,40,110,B,7,1,Day,249425,2,12,0,2,0,10,1,2,T intersection,3,50,-38.02886,145.293080000000000
861,T20130002149,26/01/2013,12.10.00,1,Collision with vehicle,7,Saturday,137,LEFT TURN SIDESWIPE,MEL,40,85,J,4,1,Day,42686,2,2,0,1,0,1,2,2,T intersection,3,60,-37.9738,145.014700000000000
862,T20130002150,31/01/2013,18.05.00,1,Collision with vehicle,5,Thursday,130,REAR END(VEHICLES IN SAME LANE),MEL,40,77,G,10,1,Day,257737,5,5,0,2,0,3,1,5,Not at intersection,3,80,-37.9547,145.049960000000000
863,T20130002153,31/01/2013,16.55.00,1,Collision with vehicle,5,Thursday,130,REAR END(VEHICLES IN SAME LANE),VCS,9,565,U,10,1,Day,257494,3,3,0,1,0,2,1,5,Not at intersection,3,60,-37.57231,143.836710000000010
864,T20130002156,31/01/2013,15.10.00,1,Collision with vehicle,5,Thursday,132,RIGHT REAR.,MEL,40,103,E,4,1,Day,257597,2,2,0,1,0,1,1,5,Not at intersection,3,70,-38.15184,145.172529999999990
865,T20130002157,30/01/2013,11.10.00,1,Collision with vehicle,4,Wednesday,130,REAR END(VEHICLES IN SAME LANE),MEL,40,386,K,9,1,Day,36148,2,2,0,1,0,1,2,2,T intersection,3,60,-37.59776,144.930280000000010
866,T20130002158,31/01/2013,15.10.00,1,Collision with vehicle,4,Thursday,114,TWO RIGHT TURNING (INTERSECTIONS ONLY),MEL,40,356,H,9,1,Day,278525,2,4,1,2,0,1,1,1,Cross intersection,2,999,-37.72979,144.745060000000000
867,T20130002159,31/01/2013,17.40.00,4,Collision with a fixed object,5,Thursday,181,OFF RIGHT BEND INTO OBJECT/PARKED VEHICLE,MEL,40,66,A,10,1,Day,257904,2,2,0,2,0,0,1,5,Not at intersection,3,70,-37.86448,145.331639999999990
868,T20130002160,31/01/2013,19.30.00,4,Collision with a fixed object,5,Thursday,183,OFF LEFT BEND INTO OBJECT/PARKED VEHICLE,MEL,40,16,A,3,2,Dusk/Dawn,268031,1,1,0,1,0,0,1,2,T intersection,3,50,-37.70873,144.888470000000010
869,T20130002161,31/01/2013,20.23.00,6,Vehicle overturned (no collision),4,Thursday,174,OUT OF CONTROL ON CARRIAGEWAY (ON STRAIGHT),MEL,40,60,H,6,3,Dark Street lights on,283209,1,1,1,0,0,0,1,5,Not at intersection,2,60,-37.85051,145.096720000000000
870,T20130002162,31/01/2013,19.34.00,1,Collision with vehicle,5,Thursday,130,REAR END(VEHICLES IN SAME LANE),MEL,40,2B,D,10,2,Dusk/Dawn,36258,2,2,0,1,0,1,1,1,Cross intersection,3,50,-37.80439,144.961780000000000
871,T20130002163,31/01/2013,18.23.00,1,Collision with vehicle,5,Thursday,130,REAR END(VEHICLES IN SAME LANE),MEL,40,432,G,5,1,Day,261759,3,3,1,0,0,2,1,5,Not at intersection,2,80,-38.06579,144.380709999999990
872,T20130002165,22/01/2013,07.45.00,1,Collision with vehicle,3,Tuesday,130,REAR END(VEHICLES IN SAME LANE),MEL,40,88,J,8,1,Day,70726,2,2,0,1,0,1,2,1,Cross intersection,3,80,-37.99085,145.144700000000000
873,T20130002166,31/01/2013,21.20.00,2,Struck Pedestrian,5,Thursday,100,PED NEAR SIDE. PED HIT BY VEHICLE FROM THE RIGHT.,MEL,40,48,B,7,3,Dark Street lights on,39448,1,2,0,1,0,1,1,1,Cross intersection,3,60,-37.81104,145.157700000000010
874,T20130002167,30/01/2013,20.30.00,4,Collision with a fixed object,4,Wednesday,181,OFF RIGHT BEND INTO OBJECT/PARKED VEHICLE,VCS,9,59,C,3,5,Dark No street lights,257899,1,2,1,1,0,0,1,5,Not at intersection,2,90,-37.10428,144.081449999999990
875,T20130002171,31/01/2013,21.40.00,1,Collision with vehicle,5,Thursday,130,REAR END(VEHICLES IN SAME LANE),MEL,40,40,G,3,3,Dark Street lights on,38537,2,2,1,0,0,1,1,2,T intersection,2,60,-37.79546,144.826359999999990
876,T20130002173,31/01/2013,21.30.00,1,Collision with vehicle,5,Thursday,121,RIGHT THROUGH,MEL,40,95,G,1,3,Dark Street lights on,56821,2,2,1,0,0,1,1,2,T intersection,2,80,-38.00646,145.228190000000010
877,T20130002175,31/01/2013,23.22.00,1,Collision with vehicle,5,Thursday,121,RIGHT THROUGH,MEL,40,78,D,6,3,Dark Street lights on,42329,2,2,0,2,0,0,1,1,Cross intersection,3,70,-37.93858,145.079700000000000
878,T20130002176,31/01/2013,20.30.00,1,Collision with vehicle,5,Thursday,116,LEFT NEAR (INTERSECTIONS ONLY),MEL,40,71,D,9,3,Dark Street lights on,257588,3,3,1,0,0,2,1,2,T intersection,2,70,-37.90424,145.168749999999990
879,T20130002182,31/01/2013,14.00.00,1,Collision with vehicle,5,Thursday,160,VEHICLE COLLIDES WITH VEHICLE PARKED ON LEFT OF ROAD,MEL,40,31,F,9,1,Day,257586,2,1,0,1,0,0,1,5,Not at intersection,3,50,-37.77304,145.046480000000000
880,T20130002183,29/01/2013,21.00.00,4,Collision with a fixed object,3,Tuesday,173,RIGHT OFF CARRIAGEWAY INTO OBJECT/PARKED VEHICLE,MEL,40,7,B,2,3,Dark Street lights on,257852,1,1,0,1,0,0,1,2,T intersection,3,60,-37.66125,144.936950000000000
881,T20130002184,1/02/2013,07.00.00,1,Collision with vehicle,6,Friday,142,LEAVING PARKING,MEL,40,30,A,10,1,Day,257693,2,2,0,1,0,1,1,5,Not at intersection,3,60,-37.77897,144.977270000000000
882,T20130002185,1/02/2013,06.56.00,2,Struck Pedestrian,6,Friday,108,PED STRUCK WALKING TO/FROM OR BOARDING/ALIGHTING VEHICLE.,MEL,40,60,G,6,1,Day,259898,2,3,0,1,0,2,1,5,Not at intersection,3,60,-37.85035,145.095239999999990
883,T20130002188,1/02/2013,06.45.00,4,Collision with a fixed object,6,Friday,171,LEFT OFF CARRIAGEWAY INTO OBJECT/PARKED VEHICLE,MEL,40,17,H,12,1,Day,257690,1,1,1,0,0,0,1,5,Not at intersection,2,60,-37.74127,144.965910000000010
884,T20130002193,1/02/2013,09.05.00,1,Collision with vehicle,6,Friday,132,RIGHT REAR.,MEL,40,60,H,2,1,Day,40602,2,2,0,1,0,1,1,2,T intersection,3,60,-37.83567,145.095530000000000
885,T20130002195,1/02/2013,08.15.00,4,Collision with a fixed object,6,Friday,183,OFF LEFT BEND INTO OBJECT/PARKED VEHICLE,VCS,9,29,E,8,1,Day,257853,1,4,0,2,0,2,1,5,Not at intersection,3,100,-36.41481,143.784870000000010
886,T20130002198,1/02/2013,09.13.00,4,Collision with a fixed object,6,Friday,171,LEFT OFF CARRIAGEWAY INTO OBJECT/PARKED VEHICLE,MEL,40,386,H,1,1,Day,268032,1,1,0,1,0,0,1,5,Not at intersection,3,80,-37.56717,144.919559999999990
887,T20130002200,1/02/2013,10.45.00,2,Struck Pedestrian,6,Friday,107,PED ON FOOTHPATH STRUCK BY VEHENTERING/LEAVING DRIVEWAY.,VCS,9,544,F,5,1,Day,257856,1,2,0,1,0,1,1,5,Not at intersection,3,40,-36.71382,142.197120000000010
888,T20130002203,1/02/2013,11.38.00,8,No collision and no object struck,5,Friday,174,OUT OF CONTROL ON CARRIAGEWAY (ON STRAIGHT),MEL,40,95,H,3,9,Unknown,35630,1,1,0,1,0,0,2,2,T intersection,3,80,-38.01687,145.233440000000000
889,T20130002205,1/02/2013,05.50.00,4,Collision with a fixed object,6,Friday,181,OFF RIGHT BEND INTO OBJECT/PARKED VEHICLE,VCS,9,97,D,8,2,Dusk/Dawn,257686,1,1,0,1,0,0,2,5,Not at intersection,3,100,-38.42799,146.138929999999990
890,T20130002208,1/02/2013,12.13.00,1,Collision with vehicle,6,Friday,130,REAR END(VEHICLES IN SAME LANE),VCS,9,664,F,10,1,Day,258865,2,2,0,1,0,1,1,5,Not at intersection,3,50,-36.36534,146.317070000000000
891,T20130002212,1/02/2013,12.00.00,1,Collision with vehicle,6,Friday,130,REAR END(VEHICLES IN SAME LANE),MEL,40,16,H,7,1,Day,258896,3,3,0,1,0,2,1,5,Not at intersection,3,60,-37.72103,144.921120000000000
892,T20130002214,1/02/2013,13.00.00,1,Collision with vehicle,6,Friday,113,RIGHT NEAR (INTERSECTIONS ONLY),MEL,40,60,G,7,1,Day,40571,2,2,0,1,0,1,1,2,T intersection,3,60,-37.85312,145.095149999999990
893,T20130002217,1/02/2013,12.45.00,4,Collision with a fixed object,6,Friday,181,OFF RIGHT BEND INTO OBJECT/PARKED VEHICLE,VCS,9,550,C,8,1,Day,261412,1,1,1,0,0,0,1,4,Multiple intersection,2,60,-37.06012,142.768000000000000
894,T20130002218,23/01/2013,17.15.00,1,Collision with vehicle,4,Wednesday,130,REAR END(VEHICLES IN SAME LANE),MEL,40,70,J,5,1,Day,257857,2,2,1,0,0,1,2,2,T intersection,2,70,-37.89097,145.144830000000010
895,T20130002222,1/02/2013,09.15.00,1,Collision with vehicle,6,Friday,132,RIGHT REAR.,MEL,40,180,F,11,1,Day,257621,2,2,1,0,0,1,1,5,Not at intersection,2,50,-37.64775,144.954350000000010
896,T20130002224,25/01/2013,16.00.00,1,Collision with vehicle,6,Friday,130,REAR END(VEHICLES IN SAME LANE),MEL,40,25,J,10,1,Day,268033,2,2,0,1,0,1,2,5,Not at intersection,3,80,-37.77805,144.793920000000010
897,T20130002225,1/02/2013,13.00.00,1,Collision with vehicle,6,Friday,121,RIGHT THROUGH,VCS,9,693,P,7,1,Day,257858,2,4,0,3,0,1,1,5,Not at intersection,3,50,-38.10788,147.068330000000000
898,T20130002226,31/01/2013,18.11.00,1,Collision with vehicle,5,Thursday,120,HEAD ON (NOT OVERTAKING),MEL,40,61,A,2,1,Day,270518,2,2,0,1,0,1,1,5,Not at intersection,3,60,-37.83739,145.111400000000000
899,T20130002230,1/02/2013,15.15.00,1,Collision with vehicle,6,Friday,120,HEAD ON (NOT OVERTAKING),MEL,40,48,B,2,1,Day,29569,2,2,0,1,0,1,1,1,Cross intersection,3,70,-37.79114,145.161589999999990