FID,ACCIDENT_N,ACCIDENTDA,ACCIDENTTI,ACCIDENT_T,Accident_T_1,DAY_OF_WEE,Day_Week_D,DCA_CODE,DCA_Descri,DIRECTORY,EDITION,PAGE,GRID_REFER,GRID_REF_1,LIGHT_COND,Light_Cond_1,NODE_ID,NO_OF_VEHI,NO_PERSONS,NO_PERSO_1,NO_PERSO_2,NO_PERSO_3,NO_PERSO_4,POLICE_ATT,ROAD_GEOME,Road_Geome_1,SEVERITY,SPEED_ZONE,Lat,Long
900,T20130002233,1/02/2013,15.35.00,2,Struck Pedestrian,6,Friday,100,PED NEAR SIDE. PED HIT BY VEHICLE FROM THE RIGHT.,MEL,40,120,B,1,1,Day,128,1,6,1,1,0,4,1,1,Cross intersection,2,60,-37.78689,145.379940000000000
901,T20130002234,1/02/2013,14.30.00,4,Collision with a fixed object,6,Friday,183,OFF LEFT BEND INTO OBJECT/PARKED VEHICLE,VCS,9,19,C,5,1,Day,257689,1,3,3,0,0,0,1,5,Not at intersection,2,110,-35.74852,143.119120000000010
902,T20130002236,1/02/2013,08.50.00,1,Collision with vehicle,6,Friday,132,RIGHT REAR.,MEL,40,40,E,3,1,Day,38526,2,3,0,1,0,2,2,1,Cross intersection,3,60,-37.7947,144.818710000000010
903,T20130002240,1/02/2013,12.37.00,1,Collision with vehicle,6,Friday,113,RIGHT NEAR (INTERSECTIONS ONLY),MEL,40,60,G,8,1,Day,40574,3,2,0,1,0,1,1,2,T intersection,3,60,-37.85898,145.094089999999990
904,T20130002241,1/02/2013,16.18.00,4,Collision with a fixed object,6,Friday,171,LEFT OFF CARRIAGEWAY INTO OBJECT/PARKED VEHICLE,VCS,9,72,F,7,1,Day,268034,1,1,1,0,0,0,1,5,Not at intersection,2,100,-37.83322,141.862280000000000
905,T20130002242,1/02/2013,15.35.00,6,Vehicle overturned (no collision),6,Friday,180,OFF CARRIAGEWAY ON RIGHT BEND,VCS,9,101,A,3,1,Day,268035,1,2,0,2,0,0,1,5,Not at intersection,3,80,-38.59127,143.515009999999990
906,T20130002244,1/02/2013,11.00.00,1,Collision with vehicle,6,Friday,130,REAR END(VEHICLES IN SAME LANE),MEL,40,27,G,11,9,Unknown,29823,2,3,0,1,0,2,2,2,T intersection,3,999,-37.78168,144.869670000000010
907,T20130002245,1/02/2013,17.00.00,1,Collision with vehicle,6,Friday,130,REAR END(VEHICLES IN SAME LANE),MEL,40,206,E,2,1,Day,44367,4,7,0,1,0,6,1,2,T intersection,3,70,-37.87782,144.685390000000010
908,T20130002247,31/01/2013,20.00.00,2,Struck Pedestrian,5,Thursday,107,PED ON FOOTHPATH STRUCK BY VEHENTERING/LEAVING DRIVEWAY.,MEL,40,33,B,9,1,Day,258420,1,2,0,2,0,0,2,5,Not at intersection,3,60,-37.77309,145.114970000000000
909,T20130002248,1/02/2013,13.42.00,4,Collision with a fixed object,6,Friday,183,OFF LEFT BEND INTO OBJECT/PARKED VEHICLE,VCS,9,429,G,8,1,Day,268036,1,1,1,0,0,0,1,5,Not at intersection,2,80,-37.58484,145.489360000000000
910,T20130002249,1/02/2013,18.28.00,1,Collision with vehicle,6,Friday,121,RIGHT THROUGH,MEL,40,2B,K,4,1,Day,29400,3,5,0,1,0,4,1,1,Cross intersection,3,60,-37.79305,144.975720000000000
911,T20130002250,28/01/2013,15.30.00,6,Vehicle overturned (no collision),2,Monday,174,OUT OF CONTROL ON CARRIAGEWAY (ON STRAIGHT),MEL,40,291,B,12,1,Day,268037,1,1,1,0,0,0,2,5,Not at intersection,2,999,-37.7543,145.736510000000010
912,T20130002253,27/01/2013,11.15.00,1,Collision with vehicle,1,Sunday,133,LANE SIDE SWIPE (VEHICLES IN PARALLEL LANES),VCS,9,93,B,9,1,Day,268038,2,2,0,1,0,1,2,5,Not at intersection,3,80,-38.48059,144.025479999999990
913,T20130002254,1/02/2013,12.55.00,1,Collision with vehicle,6,Friday,120,HEAD ON (NOT OVERTAKING),VCS,9,98,D,4,1,Day,72375,2,2,0,1,1,0,1,1,Cross intersection,1,100,-38.15895,146.731380000000000
914,T20130002256,1/02/2013,21.00.00,6,Vehicle overturned (no collision),6,Friday,180,OFF CARRIAGEWAY ON RIGHT BEND,VCS,9,99,D,4,5,Dark No street lights,268039,1,1,0,1,0,0,1,5,Not at intersection,3,100,-38.17253,147.170760000000000
915,T20130002259,1/02/2013,21.30.00,4,Collision with a fixed object,6,Friday,181,OFF RIGHT BEND INTO OBJECT/PARKED VEHICLE,MEL,40,645,E,8,5,Dark No street lights,268040,1,1,1,0,0,0,2,5,Not at intersection,2,100,-37.40648,144.950060000000010
916,T20130002260,1/02/2013,18.50.00,2,Struck Pedestrian,6,Friday,100,PED NEAR SIDE. PED HIT BY VEHICLE FROM THE RIGHT.,MEL,40,29,D,10,1,Day,45556,1,2,1,0,0,1,1,2,T intersection,2,60,-37.77569,144.948790000000000
917,T20130002262,1/02/2013,23.10.00,1,Collision with vehicle,6,Friday,110,CROSS TRAFFIC(INTERSECTIONS ONLY),MEL,40,17,B,9,3,Dark Street lights on,62699,2,3,1,0,0,2,1,1,Cross intersection,2,50,-37.72914,144.940110000000000
918,T20130002263,1/02/2013,23.54.00,4,Collision with a fixed object,6,Friday,173,RIGHT OFF CARRIAGEWAY INTO OBJECT/PARKED VEHICLE,MEL,40,72,H,5,3,Dark Street lights on,41871,1,2,1,1,0,0,1,2,T intersection,2,80,-37.88904,145.232969999999990
919,T20130002270,31/01/2013,00.14.00,1,Collision with vehicle,5,Thursday,121,RIGHT THROUGH,MEL,40,31,A,7,3,Dark Street lights on,38073,2,2,0,1,0,1,1,1,Cross intersection,3,60,-37.76548,145.020389999999990
920,T20130002275,1/02/2013,18.25.00,4,Collision with a fixed object,6,Friday,183,OFF LEFT BEND INTO OBJECT/PARKED VEHICLE,VCS,9,61,B,4,1,Day,268041,1,2,2,0,0,0,1,5,Not at intersection,2,40,-37.1503,145.027480000000000
921,T20130002278,29/01/2013,16.45.00,8,No collision and no object struck,3,Tuesday,174,OUT OF CONTROL ON CARRIAGEWAY (ON STRAIGHT),VCS,9,699,P,7,1,Day,73090,1,1,0,1,0,0,2,2,T intersection,3,50,-38.23879,146.419729999999990
922,T20130002281,2/02/2013,08.05.00,1,Collision with vehicle,7,Saturday,116,LEFT NEAR (INTERSECTIONS ONLY),VCS,9,608,E,4,1,Day,51573,2,2,0,1,0,1,1,2,T intersection,3,60,-36.7505,144.317590000000000
923,T20130002282,2/02/2013,09.00.00,1,Collision with vehicle,6,Saturday,110,CROSS TRAFFIC(INTERSECTIONS ONLY),VCS,9,93,B,6,1,Day,50320,2,4,2,0,0,2,1,1,Cross intersection,2,80,-38.29537,144.016120000000000
924,T20130002283,2/02/2013,05.53.00,2,Struck Pedestrian,7,Saturday,102,FAR SIDE. PED HIT BY VEHICLE FROM THE LEFT,MEL,40,77,D,4,3,Dark Street lights on,120,1,2,0,0,1,1,1,1,Cross intersection,1,80,-37.93295,145.034510000000010
925,T20130002284,31/01/2013,14.00.00,1,Collision with vehicle,5,Thursday,110,CROSS TRAFFIC(INTERSECTIONS ONLY),VCS,9,607,N,11,1,Day,59829,2,2,0,1,0,1,2,1,Cross intersection,3,60,-36.7804,144.251520000000000
926,T20130002287,2/02/2013,10.05.00,1,Collision with vehicle,7,Saturday,150,HEAD ON(OVERTAKING),VCS,9,97,E,7,1,Day,268042,3,5,1,0,0,4,1,5,Not at intersection,2,100,-38.34736,146.196100000000000
927,T20130002289,2/02/2013,10.30.00,6,Vehicle overturned (no collision),7,Saturday,184,OUT OF CONTROL ON CARRIAGEWAY (ON BEND),VCS,9,62,G,7,1,Day,257863,3,3,1,1,0,1,1,5,Not at intersection,2,100,-37.32155,145.930960000000000
928,T20130002290,2/02/2013,12.29.00,8,No collision and no object struck,7,Saturday,170,OFF CARRIAGEWAY TO LEFT,MEL,40,453,F,12,1,Day,50154,3,7,0,1,0,6,1,1,Cross intersection,3,80,-38.17853,144.420260000000010
929,T20130002295,2/02/2013,09.10.00,2,Struck Pedestrian,7,Saturday,109,ANY MANOEUVRE INVOLVING PED NOT INCLUDED IN DCAs 100-108.,VCS,9,626,E,6,1,Day,258130,1,3,1,0,0,2,1,5,Not at intersection,2,60,-36.92266,144.709350000000000
930,T20130002298,1/02/2013,08.30.00,1,Collision with vehicle,6,Friday,111,RIGHT FAR (INTERSECTIONS ONLY),MEL,40,3,A,10,1,Day,49146,2,6,0,2,0,4,2,2,T intersection,3,70,-37.69063,144.757029999999990
931,T20130002299,31/01/2013,19.15.00,8,No collision and no object struck,5,Thursday,170,OFF CARRIAGEWAY TO LEFT,MEL,40,75A,C,3,3,Dark Street lights on,268043,1,1,1,0,0,0,2,5,Not at intersection,2,999,-37.81708,145.116629999999990
932,T20130002303,2/02/2013,15.45.00,8,No collision and no object struck,7,Saturday,189,OTHER ACCIDENTS ON CURVE NOT INCLUDED IN DCAs 180-184,MEL,40,449,E,6,1,Day,257909,1,1,1,0,0,0,1,5,Not at intersection,2,100,-38.15464,144.241469999999990
933,T20130002305,2/02/2013,17.26.00,1,Collision with vehicle,7,Saturday,194,PARKED CAR RUN AWAY,MEL,40,20,E,2,1,Day,62079,2,1,1,0,0,0,1,2,T intersection,2,50,-37.7037,145.082969999999990
934,T20130002306,2/02/2013,17.35.00,1,Collision with vehicle,7,Saturday,120,HEAD ON (NOT OVERTAKING),MEL,40,32,G,4,1,Day,259616,2,3,3,0,0,0,1,5,Not at intersection,2,70,-37.75535,145.095319999999990
935,T20130002308,2/02/2013,15.00.00,8,No collision and no object struck,7,Saturday,174,OUT OF CONTROL ON CARRIAGEWAY (ON STRAIGHT),MEL,40,52,C,7,1,Day,534,1,1,0,1,0,0,1,1,Cross intersection,3,70,-37.80996,145.342379999999990
936,T20130002309,2/02/2013,17.30.00,1,Collision with vehicle,7,Saturday,110,CROSS TRAFFIC(INTERSECTIONS ONLY),MEL,40,456,K,4,1,Day,257691,2,2,0,1,0,1,1,1,Cross intersection,3,50,-38.14887,144.574379999999990
937,T20130002312,2/02/2013,18.25.00,1,Collision with vehicle,7,Saturday,121,RIGHT THROUGH,MEL,40,159,A,9,1,Day,257865,2,2,0,1,0,1,1,2,T intersection,3,70,-38.3464,144.933179999999990
938,T20130002313,2/02/2013,18.20.00,1,Collision with vehicle,7,Saturday,121,RIGHT THROUGH,MEL,40,71,F,1,1,Day,41824,2,3,0,2,0,1,1,2,T intersection,3,60,-37.87566,145.178949999999990
939,T20130002317,28/01/2013,19.00.00,8,No collision and no object struck,2,Monday,172,OFF CARRIAGEWAY TO RIGHT,MEL,40,108,H,10,1,Day,257580,1,1,0,1,0,0,1,5,Not at intersection,3,60,-37.99608,145.322100000000010
940,T20130002319,22/01/2013,07.50.00,1,Collision with vehicle,3,Tuesday,121,RIGHT THROUGH,MEL,40,2B,G,12,1,Day,45835,2,2,0,1,0,1,1,1,Cross intersection,3,60,-37.80713,144.967340000000010
941,T20130002321,2/02/2013,22.05.00,1,Collision with vehicle,7,Saturday,121,RIGHT THROUGH,VCS,9,596,J,10,3,Dark Street lights on,35681,2,2,0,1,0,1,1,1,Cross intersection,3,60,-36.14051,144.751190000000010
942,T20130002323,2/02/2013,18.48.00,1,Collision with vehicle,7,Saturday,130,REAR END(VEHICLES IN SAME LANE),MEL,40,80,F,5,1,Day,36373,3,8,2,0,0,6,1,2,T intersection,2,60,-37.93589,145.178439999999990
943,T20130002324,2/02/2013,23.10.00,6,Vehicle overturned (no collision),7,Saturday,184,OUT OF CONTROL ON CARRIAGEWAY (ON BEND),VCS,9,76,G,3,5,Dark No street lights,22740,1,1,0,1,0,0,1,2,T intersection,3,80,-37.60948,143.936939999999990
944,T20130002327,2/02/2013,22.04.00,1,Collision with vehicle,7,Saturday,130,REAR END(VEHICLES IN SAME LANE),MEL,40,58,G,11,3,Dark Street lights on,74611,2,2,0,1,0,1,1,5,Not at intersection,3,60,-37.87032,145.005900000000000
945,T20130002329,3/02/2013,03.30.00,2,Struck Pedestrian,1,Sunday,102,FAR SIDE. PED HIT BY VEHICLE FROM THE LEFT,MEL,40,205,J,9,3,Dark Street lights on,268044,1,2,1,0,0,1,1,5,Not at intersection,2,60,-37.90399,144.659140000000010
946,T20130002330,3/02/2013,01.30.00,2,Struck Pedestrian,1,Sunday,102,FAR SIDE. PED HIT BY VEHICLE FROM THE LEFT,MEL,40,333,H,6,3,Dark Street lights on,270724,2,3,1,0,0,2,1,5,Not at intersection,2,50,-37.67356,144.436380000000010
947,T20130002331,3/02/2013,04.43.00,2,Struck Pedestrian,1,Sunday,101,PED EMERGES FROM IN FRONT OF PARKED OR STATIONARY VEHICLE,MEL,40,2M,J,7,3,Dark Street lights on,259667,1,2,1,0,0,1,1,5,Not at intersection,2,60,-37.84215,145.017879999999990
948,T20130002332,3/02/2013,02.15.00,1,Collision with vehicle,1,Sunday,160,VEHICLE COLLIDES WITH VEHICLE PARKED ON LEFT OF ROAD,MEL,40,110,E,9,3,Dark Street lights on,37042,4,1,0,0,1,0,1,2,T intersection,1,50,-38.03881,145.306610000000010
949,T20130002334,3/02/2013,00.21.00,1,Collision with vehicle,1,Sunday,130,REAR END(VEHICLES IN SAME LANE),MEL,40,64,K,8,3,Dark Street lights on,41023,2,3,0,2,0,1,1,1,Cross intersection,3,60,-37.85608,145.285990000000000
950,T20130002335,2/02/2013,08.50.00,4,Collision with a fixed object,7,Saturday,181,OFF RIGHT BEND INTO OBJECT/PARKED VEHICLE,VCS,9,598,G,11,1,Day,257559,1,1,0,0,1,0,1,5,Not at intersection,1,90,-36.588,145.027850000000000
951,T20130002337,2/02/2013,19.28.00,1,Collision with vehicle,7,Saturday,110,CROSS TRAFFIC(INTERSECTIONS ONLY),MEL,40,1A,F,2,1,Day,35350,2,2,1,0,0,1,1,1,Cross intersection,2,60,-37.81274,144.956889999999990
952,T20130002339,24/01/2013,09.50.00,1,Collision with vehicle,5,Thursday,130,REAR END(VEHICLES IN SAME LANE),MEL,40,29,G,10,1,Day,260589,3,3,0,1,0,2,2,5,Not at intersection,3,60,-37.77685,144.958409999999990
953,T20130002350,2/02/2013,13.53.00,1,Collision with vehicle,7,Saturday,142,LEAVING PARKING,MEL,40,87,C,6,1,Day,257910,3,3,1,0,0,2,1,5,Not at intersection,2,60,-37.98273,145.077249999999990
954,T20130002353,3/02/2013,11.00.00,1,Collision with vehicle,1,Sunday,110,CROSS TRAFFIC(INTERSECTIONS ONLY),MEL,40,26,F,12,1,Day,64540,2,4,0,2,0,2,1,1,Cross intersection,3,50,-37.78376,144.824559999999990
955,T20130002355,3/02/2013,12.56.00,1,Collision with vehicle,1,Sunday,110,CROSS TRAFFIC(INTERSECTIONS ONLY),VCS,9,696,F,5,1,Day,55598,2,3,1,0,0,2,1,1,Cross intersection,2,60,-38.19383,146.525569999999990
956,T20130002358,2/02/2013,17.25.00,1,Collision with vehicle,7,Saturday,121,RIGHT THROUGH,VCS,9,537,S,5,1,Day,52544,2,2,1,0,0,1,1,1,Cross intersection,2,70,-34.2396,142.175680000000000
957,T20130002360,3/02/2013,11.10.00,1,Collision with vehicle,0,Sunday,133,LANE SIDE SWIPE (VEHICLES IN PARALLEL LANES),MEL,40,2C,B,4,1,Day,30939,2,2,0,1,0,1,2,1,Cross intersection,3,50,-37.79312,144.979350000000010
958,T20130002361,3/02/2013,01.00.00,6,Vehicle overturned (no collision),1,Sunday,175,OFF END OF ROAD/T-INTERSECTION.,VCS,9,443,C,6,5,Dark No street lights,258132,1,2,1,0,0,1,1,2,T intersection,2,100,-37.97271,144.179419999999990
959,T20130002363,3/02/2013,10.00.00,1,Collision with vehicle,0,Sunday,133,LANE SIDE SWIPE (VEHICLES IN PARALLEL LANES),VCS,9,561,R,1,1,Day,258422,2,2,0,1,0,1,2,5,Not at intersection,3,100,-37.47828,143.818749999999990
960,T20130002365,3/02/2013,14.00.00,1,Collision with vehicle,1,Sunday,160,VEHICLE COLLIDES WITH VEHICLE PARKED ON LEFT OF ROAD,MEL,40,17,B,7,1,Day,41869,3,1,0,1,0,0,1,2,T intersection,3,60,-37.72275,144.939950000000010
961,T20130002366,3/02/2013,12.30.00,1,Collision with vehicle,1,Sunday,135,LANE CHANGE LEFT (NOT OVERTAKING),MEL,40,40,C,7,1,Day,257921,2,3,0,1,0,2,1,5,Not at intersection,3,100,-37.80945,144.807700000000010
962,T20130002367,31/01/2013,21.30.00,1,Collision with vehicle,5,Thursday,121,RIGHT THROUGH,MEL,40,61,J,12,3,Dark Street lights on,617,2,5,0,2,0,3,1,1,Cross intersection,3,60,-37.87221,145.148400000000010
963,T20130002368,3/02/2013,12.30.00,8,No collision and no object struck,1,Sunday,170,OFF CARRIAGEWAY TO LEFT,VCS,9,62,A,2,1,Day,17687,1,1,0,1,0,0,1,2,T intersection,3,100,-37.03499,145.504400000000000
964,T20130002370,2/02/2013,22.35.00,1,Collision with vehicle,7,Saturday,121,RIGHT THROUGH,MEL,40,131,B,3,3,Dark Street lights on,1015,2,4,2,1,0,1,1,1,Cross intersection,2,60,-38.05989,145.338179999999990
965,T20130002374,3/02/2013,15.30.00,6,Vehicle overturned (no collision),1,Sunday,170,OFF CARRIAGEWAY TO LEFT,VCS,9,417,D,9,1,Day,258133,1,3,1,2,0,0,1,5,Not at intersection,2,80,-37.39569,145.027350000000010
966,T20130002375,3/02/2013,02.45.00,1,Collision with vehicle,1,Sunday,160,VEHICLE COLLIDES WITH VEHICLE PARKED ON LEFT OF ROAD,VCS,9,664,H,8,4,Dark Street lights off,257922,2,4,0,1,0,3,1,5,Not at intersection,3,50,-36.35499,146.327249999999990
967,T20130002377,3/02/2013,16.29.00,1,Collision with vehicle,1,Sunday,121,RIGHT THROUGH,MEL,40,3,A,11,1,Day,30407,2,2,0,1,0,1,1,1,Cross intersection,3,80,-37.69358,144.756499999999990
968,T20130002378,3/02/2013,17.15.00,1,Collision with vehicle,1,Sunday,130,REAR END(VEHICLES IN SAME LANE),MEL,40,333,H,7,1,Day,35774,3,9,0,1,0,8,1,1,Cross intersection,3,50,-37.67553,144.435309999999990
969,T20130002380,3/02/2013,17.00.00,8,No collision and no object struck,1,Sunday,174,OUT OF CONTROL ON CARRIAGEWAY (ON STRAIGHT),VCS,9,424,J,8,1,Day,268045,1,1,1,0,0,0,1,5,Not at intersection,2,100,-37.57809,144.508119999999990
970,T20130002381,3/02/2013,16.40.00,4,Collision with a fixed object,1,Sunday,183,OFF LEFT BEND INTO OBJECT/PARKED VEHICLE,VCS,9,97,D,7,1,Day,268046,1,1,0,1,0,0,1,5,Not at intersection,3,100,-38.31486,146.157490000000000
971,T20130002383,3/02/2013,17.40.00,1,Collision with vehicle,1,Sunday,130,REAR END(VEHICLES IN SAME LANE),MEL,40,69,F,4,1,Day,257687,3,6,0,1,0,5,1,5,Not at intersection,3,60,-37.88749,145.089290000000010
972,T20130002384,3/02/2013,16.45.00,1,Collision with vehicle,1,Sunday,110,CROSS TRAFFIC(INTERSECTIONS ONLY),MEL,40,2J,K,10,1,Day,223602,2,2,0,1,0,1,1,1,Cross intersection,3,60,-37.8478,144.952620000000000
973,T20130002386,3/02/2013,15.15.00,8,No collision and no object struck,1,Sunday,180,OFF CARRIAGEWAY ON RIGHT BEND,MEL,40,176,D,6,1,Day,257920,1,1,1,0,0,0,1,5,Not at intersection,2,100,-37.63011,144.769769999999990
974,T20130002388,3/02/2013,18.34.00,1,Collision with vehicle,0,Sunday,135,LANE CHANGE LEFT (NOT OVERTAKING),MEL,40,432,A,3,1,Day,278580,2,2,0,1,0,1,1,5,Not at intersection,3,100,-38.05945,144.356869999999990
975,T20130002391,3/02/2013,19.30.00,4,Collision with a fixed object,1,Sunday,171,LEFT OFF CARRIAGEWAY INTO OBJECT/PARKED VEHICLE,VCS,9,47,G,2,1,Day,258030,1,3,1,1,0,1,1,5,Not at intersection,2,100,-36.53691,145.877399999999990
976,T20130002393,3/02/2013,16.55.00,1,Collision with vehicle,1,Sunday,120,HEAD ON (NOT OVERTAKING),VCS,9,75,J,9,1,Day,268047,2,3,1,0,2,0,1,2,T intersection,1,100,-37.96914,143.461790000000010
977,T20130002394,3/02/2013,17.00.00,1,Collision with vehicle,1,Sunday,132,RIGHT REAR.,VCS,9,90,H,5,1,Day,72968,2,2,0,2,0,0,1,2,T intersection,3,100,-38.21685,142.984690000000000
978,T20130002395,3/02/2013,23.00.00,7,Fall from or in moving vehicle,1,Sunday,190,FELL IN/FROM VEHICLE,VCS,9,653,M,5,3,Dark Street lights on,58588,1,3,0,1,0,2,1,1,Cross intersection,3,50,-36.11945,146.881220000000010
979,T20130002398,4/02/2013,02.20.00,2,Struck Pedestrian,2,Monday,107,PED ON FOOTHPATH STRUCK BY VEHENTERING/LEAVING DRIVEWAY.,MEL,40,79,C,2,5,Dark No street lights,257929,1,2,0,1,0,1,1,5,Not at intersection,3,30,-37.92431,145.120560000000010
980,T20130002402,31/01/2013,11.00.00,1,Collision with vehicle,5,Thursday,145,REVERSING IN STREAM OF TRAFFIC,MEL,40,2K,H,3,1,Day,370,2,2,0,1,0,1,2,1,Cross intersection,3,60,-37.83507,144.971129999999990
981,T20130002403,2/02/2013,13.30.00,6,Vehicle overturned (no collision),7,Saturday,180,OFF CARRIAGEWAY ON RIGHT BEND,MEL,40,311,C,6,1,Day,270359,1,1,1,0,0,0,2,5,Not at intersection,2,80,-37.93661,145.475699999999990
982,T20130002406,3/02/2013,13.08.00,1,Collision with vehicle,1,Sunday,130,REAR END(VEHICLES IN SAME LANE),MEL,40,67,E,3,1,Day,57536,2,2,0,2,0,0,1,4,Multiple intersection,3,60,-37.88383,144.997289999999990
983,T20130002407,3/02/2013,14.21.00,1,Collision with vehicle,1,Sunday,130,REAR END(VEHICLES IN SAME LANE),MEL,40,69,K,11,1,Day,49012,2,5,0,2,0,3,1,2,T intersection,3,60,-37.91192,145.106010000000000
984,T20130002408,3/02/2013,15.28.00,1,Collision with vehicle,1,Sunday,110,CROSS TRAFFIC(INTERSECTIONS ONLY),MEL,40,87,F,8,1,Day,42827,2,3,0,2,0,1,1,1,Cross intersection,3,50,-37.98808,145.088900000000000
985,T20130002409,4/02/2013,08.56.00,1,Collision with vehicle,2,Monday,110,CROSS TRAFFIC(INTERSECTIONS ONLY),VCS,9,3,E,5,1,Day,55521,3,8,0,4,0,4,1,1,Cross intersection,3,60,-34.20961,142.202159999999990
986,T20130002414,4/02/2013,09.50.00,1,Collision with vehicle,2,Monday,121,RIGHT THROUGH,MEL,40,129,A,8,1,Day,258423,2,5,0,3,0,2,1,2,T intersection,3,80,-38.07825,145.244149999999990
987,T20130002415,27/01/2013,11.00.00,8,No collision and no object struck,1,Sunday,180,OFF CARRIAGEWAY ON RIGHT BEND,VCS,9,62,F,6,1,Day,258418,1,1,0,1,0,0,2,5,Not at intersection,3,80,-37.3043,145.846020000000010
988,T20130002419,4/02/2013,09.35.00,1,Collision with vehicle,2,Monday,159,OTHER OVERTAKING MANOEUVRES NOT INCLUDED IN DCAs 150-154,VCS,9,32,C,7,1,Day,19647,2,2,0,1,0,1,1,1,Cross intersection,3,100,-36.31349,145.103550000000010
989,T20130002420,30/01/2013,09.30.00,1,Collision with vehicle,4,Wednesday,120,HEAD ON (NOT OVERTAKING),MEL,40,68,D,10,1,Day,268048,2,2,0,1,0,1,2,5,Not at intersection,3,60,-37.91031,145.033739999999990
990,T20130002422,4/02/2013,12.00.00,2,Struck Pedestrian,2,Monday,100,PED NEAR SIDE. PED HIT BY VEHICLE FROM THE RIGHT.,MEL,40,45,A,8,1,Day,258516,1,2,1,0,0,1,1,5,Not at intersection,2,60,-37.81557,145.021060000000010
991,T20130002424,2/02/2013,10.35.00,1,Collision with vehicle,7,Saturday,130,REAR END(VEHICLES IN SAME LANE),MEL,40,27,K,7,1,Day,260558,2,2,1,0,0,1,2,5,Not at intersection,2,50,-37.7655,144.885809999999990
992,T20130002425,4/02/2013,08.39.00,2,Struck Pedestrian,2,Monday,102,FAR SIDE. PED HIT BY VEHICLE FROM THE LEFT,MEL,40,79,E,3,1,Day,69640,1,3,2,0,0,1,1,2,T intersection,2,60,-37.92909,145.126890000000000
993,T20130002428,4/02/2013,13.30.00,1,Collision with vehicle,2,Monday,121,RIGHT THROUGH,MEL,40,451,J,10,1,Day,258424,2,6,0,1,0,5,1,5,Not at intersection,3,60,-38.17051,144.347559999999990
994,T20130002429,31/01/2013,21.28.00,1,Collision with vehicle,5,Thursday,121,RIGHT THROUGH,MEL,40,58,H,11,3,Dark Street lights on,40202,2,2,0,1,0,1,1,1,Cross intersection,3,60,-37.87066,145.008610000000000
995,T20130002431,4/02/2013,07.15.00,4,Collision with a fixed object,2,Monday,171,LEFT OFF CARRIAGEWAY INTO OBJECT/PARKED VEHICLE,MEL,40,95,H,1,1,Day,268049,1,1,1,0,0,0,1,5,Not at intersection,2,80,-38.00858,145.229199999999990
996,T20130002434,4/02/2013,13.20.00,1,Collision with vehicle,2,Monday,120,HEAD ON (NOT OVERTAKING),MEL,40,93,E,2,1,Day,257931,3,3,0,2,0,1,1,5,Not at intersection,3,70,-38.01018,145.127880000000000
997,T20130002435,4/02/2013,08.40.00,1,Collision with vehicle,2,Monday,113,RIGHT NEAR (INTERSECTIONS ONLY),MEL,40,15,K,10,1,Day,40441,2,2,0,1,0,1,1,2,T intersection,3,60,-37.73448,144.885240000000010
998,T20130002437,2/02/2013,21.40.00,6,Vehicle overturned (no collision),7,Saturday,180,OFF CARRIAGEWAY ON RIGHT BEND,VCS,9,75,E,5,5,Dark No street lights,268050,1,2,1,0,0,1,1,5,Not at intersection,2,100,-37.70183,143.234199999999990
999,T20130002438,1/02/2013,09.30.00,1,Collision with vehicle,6,Friday,130,REAR END(VEHICLES IN SAME LANE),VCS,9,713,S,6,1,Day,268051,2,4,1,1,0,2,1,5,Not at intersection,2,60,-38.60572,145.594510000000010
1000,T20130002441,4/02/2013,14.44.00,1,Collision with vehicle,2,Monday,120,HEAD ON (NOT OVERTAKING),MEL,40,96,G,7,1,Day,268052,3,2,0,1,0,1,1,5,Not at intersection,3,50,-38.03156,145.272950000000010